Year,Month,filename,url
2023,Jan,yesterday_20230101.CSV,http://jtimmer.digitalspacemail17.net/data/2022/Dec/yesterday_20230101.CSV
2023,Jan,yesterday_20230102.CSV,http://jtimmer.digitalspacemail17.net/data/2023/Jan/yesterday_20230102.CSV
2023,Jan,yesterday_20230103.CSV,http://jtimmer.digitalspacemail17.net/data/2023/Jan/yesterday_20230103.CSV
2023,Jan,yesterday_20230104.CSV,http://jtimmer.digitalspacemail17.net/data/2023/Jan/yesterday_20230104.CSV
2023,Jan,yesterday_20230105.CSV,http://jtimmer.digitalspacemail17.net/data/2023/Jan/yesterday_20230105.CSV
2023,Jan,yesterday_20230106.CSV,http://jtimmer.digitalspacemail17.net/data/2023/Jan/yesterday_20230106.CSV
2023,Jan,yesterday_20230107.CSV,http://jtimmer.digitalspacemail17.net/data/2023/Jan/yesterday_20230107.CSV
2023,Jan,yesterday_20230108.CSV,http://jtimmer.digitalspacemail17.net/data/2023/Jan/yesterday_20230108.CSV
2023,Jan,yesterday_20230109.CSV,http://jtimmer.digitalspacemail17.net/data/2023/Jan/yesterday_20230109.CSV
2023,Jan,yesterday_20230110.CSV,http://jtimmer.digitalspacemail17.net/data/2023/Jan/yesterday_20230110.CSV
2023,Jan,yesterday_20230111.CSV,http://jtimmer.digitalspacemail17.net/data/2023/Jan/yesterday_20230111.CSV
2023,Jan,yesterday_20230112.CSV,http://jtimmer.digitalspacemail17.net/data/2023/Jan/yesterday_20230112.CSV
2023,Jan,yesterday_20230113.CSV,http://jtimmer.digitalspacemail17.net/data/2023/Jan/yesterday_20230113.CSV
2023,Jan,yesterday_20230114.CSV,http://jtimmer.digitalspacemail17.net/data/2023/Jan/yesterday_20230114.CSV
2023,Jan,yesterday_20230115.CSV,http://jtimmer.digitalspacemail17.net/data/2023/Jan/yesterday_20230115.CSV
2023,Jan,yesterday_20230116.CSV,http://jtimmer.digitalspacemail17.net/data/2023/Jan/yesterday_20230116.CSV
2023,Jan,yesterday_20230117.CSV,http://jtimmer.digitalspacemail17.net/data/2023/Jan/yesterday_20230117.CSV
2023,Jan,yesterday_20230118.CSV,http://jtimmer.digitalspacemail17.net/data/2023/Jan/yesterday_20230118.CSV
2023,Jan,yesterday_20230119.CSV,http://jtimmer.digitalspacemail17.net/data/2023/Jan/yesterday_20230119.CSV
2023,Jan,yesterday_20230120.CSV,http://jtimmer.digitalspacemail17.net/data/2023/Jan/yesterday_20230120.CSV
2023,Jan,yesterday_20230121.CSV,http://jtimmer.digitalspacemail17.net/data/2023/Jan/yesterday_20230121.CSV
2023,Jan,yesterday_20230122.CSV,http://jtimmer.digitalspacemail17.net/data/2023/Jan/yesterday_20230122.CSV
2023,Jan,yesterday_20230123.CSV,http://jtimmer.digitalspacemail17.net/data/2023/Jan/yesterday_20230123.CSV
2023,Jan,yesterday_20230124.CSV,http://jtimmer.digitalspacemail17.net/data/2023/Jan/yesterday_20230124.CSV
2023,Jan,yesterday_20230125.CSV,http://jtimmer.digitalspacemail17.net/data/2023/Jan/yesterday_20230125.CSV
2023,Jan,yesterday_20230126.CSV,http://jtimmer.digitalspacemail17.net/data/2023/Jan/yesterday_20230126.CSV
2023,Jan,yesterday_20230127.CSV,http://jtimmer.digitalspacemail17.net/data/2023/Jan/yesterday_20230127.CSV
2023,Jan,yesterday_20230128.CSV,http://jtimmer.digitalspacemail17.net/data/2023/Jan/yesterday_20230128.CSV
2023,Jan,yesterday_20230129.CSV,http://jtimmer.digitalspacemail17.net/data/2023/Jan/yesterday_20230129.CSV
2023,Jan,yesterday_20230130.CSV,http://jtimmer.digitalspacemail17.net/data/2023/Jan/yesterday_20230130.CSV
2023,Jan,yesterday_20230131.CSV,http://jtimmer.digitalspacemail17.net/data/2023/Jan/yesterday_20230131.CSV
2023,Feb,yesterday_20230201.CSV,http://jtimmer.digitalspacemail17.net/data/2023/Jan/yesterday_20230201.CSV
2023,Feb,yesterday_20230202.CSV,http://jtimmer.digitalspacemail17.net/data/2023/Feb/yesterday_20230202.CSV
2023,Feb,yesterday_20230203.CSV,http://jtimmer.digitalspacemail17.net/data/2023/Feb/yesterday_20230203.CSV
2023,Feb,yesterday_20230204.CSV,http://jtimmer.digitalspacemail17.net/data/2023/Feb/yesterday_20230204.CSV
2023,Feb,yesterday_20230205.CSV,http://jtimmer.digitalspacemail17.net/data/2023/Feb/yesterday_20230205.CSV
2023,Feb,yesterday_20230206.CSV,http://jtimmer.digitalspacemail17.net/data/2023/Feb/yesterday_20230206.CSV
2023,Feb,yesterday_20230207.CSV,http://jtimmer.digitalspacemail17.net/data/2023/Feb/yesterday_20230207.CSV
2023,Feb,yesterday_20230208.CSV,http://jtimmer.digitalspacemail17.net/data/2023/Feb/yesterday_20230208.CSV
2023,Feb,yesterday_20230209.CSV,http://jtimmer.digitalspacemail17.net/data/2023/Feb/yesterday_20230209.CSV
2023,Feb,yesterday_20230210.CSV,http://jtimmer.digitalspacemail17.net/data/2023/Feb/yesterday_20230210.CSV
2023,Feb,yesterday_20230211.CSV,http://jtimmer.digitalspacemail17.net/data/2023/Feb/yesterday_20230211.CSV
2023,Feb,yesterday_20230212.CSV,http://jtimmer.digitalspacemail17.net/data/2023/Feb/yesterday_20230212.CSV
2023,Feb,yesterday_20230213.CSV,http://jtimmer.digitalspacemail17.net/data/2023/Feb/yesterday_20230213.CSV
2023,Feb,yesterday_20230214.CSV,http://jtimmer.digitalspacemail17.net/data/2023/Feb/yesterday_20230214.CSV
2023,Feb,yesterday_20230215.CSV,http://jtimmer.digitalspacemail17.net/data/2023/Feb/yesterday_20230215.CSV
2023,Feb,yesterday_20230216.CSV,http://jtimmer.digitalspacemail17.net/data/2023/Feb/yesterday_20230216.CSV
2023,Feb,yesterday_20230217.CSV,http://jtimmer.digitalspacemail17.net/data/2023/Feb/yesterday_20230217.CSV
2023,Feb,yesterday_20230218.CSV,http://jtimmer.digitalspacemail17.net/data/2023/Feb/yesterday_20230218.CSV
2023,Feb,yesterday_20230219.CSV,http://jtimmer.digitalspacemail17.net/data/2023/Feb/yesterday_20230219.CSV
2023,Feb,yesterday_20230220.CSV,http://jtimmer.digitalspacemail17.net/data/2023/Feb/yesterday_20230220.CSV
2023,Feb,yesterday_20230221.CSV,http://jtimmer.digitalspacemail17.net/data/2023/Feb/yesterday_20230221.CSV
2023,Feb,yesterday_20230222.CSV,http://jtimmer.digitalspacemail17.net/data/2023/Feb/yesterday_20230222.CSV
2023,Feb,yesterday_20230223.CSV,http://jtimmer.digitalspacemail17.net/data/2023/Feb/yesterday_20230223.CSV
2023,Feb,yesterday_20230224.CSV,http://jtimmer.digitalspacemail17.net/data/2023/Feb/yesterday_20230224.CSV
2023,Feb,yesterday_20230225.CSV,http://jtimmer.digitalspacemail17.net/data/2023/Feb/yesterday_20230225.CSV
2023,Feb,yesterday_20230226.CSV,http://jtimmer.digitalspacemail17.net/data/2023/Feb/yesterday_20230226.CSV
2023,Feb,yesterday_20230227.CSV,http://jtimmer.digitalspacemail17.net/data/2023/Feb/yesterday_20230227.CSV
2023,Feb,yesterday_20230228.CSV,http://jtimmer.digitalspacemail17.net/data/2023/Feb/yesterday_20230228.CSV
2023,Mar,yesterday_20230301.CSV,http://jtimmer.digitalspacemail17.net/data/2023/Feb/yesterday_20230301.CSV
2023,Mar,yesterday_20230302.CSV,http://jtimmer.digitalspacemail17.net/data/2023/Mar/yesterday_20230302.CSV
2023,Mar,yesterday_20230303.CSV,http://jtimmer.digitalspacemail17.net/data/2023/Mar/yesterday_20230303.CSV
2023,Mar,yesterday_20230304.CSV,http://jtimmer.digitalspacemail17.net/data/2023/Mar/yesterday_20230304.CSV
2023,Mar,yesterday_20230305.CSV,http://jtimmer.digitalspacemail17.net/data/2023/Mar/yesterday_20230305.CSV
2023,Mar,yesterday_20230306.CSV,http://jtimmer.digitalspacemail17.net/data/2023/Mar/yesterday_20230306.CSV
2023,Mar,yesterday_20230307.CSV,http://jtimmer.digitalspacemail17.net/data/2023/Mar/yesterday_20230307.CSV
2023,Mar,yesterday_20230308.CSV,http://jtimmer.digitalspacemail17.net/data/2023/Mar/yesterday_20230308.CSV
2023,Mar,yesterday_20230309.CSV,http://jtimmer.digitalspacemail17.net/data/2023/Mar/yesterday_20230309.CSV
2023,Mar,yesterday_20230310.CSV,http://jtimmer.digitalspacemail17.net/data/2023/Mar/yesterday_20230310.CSV
2023,Mar,yesterday_20230311.CSV,http://jtimmer.digitalspacemail17.net/data/2023/Mar/yesterday_20230311.CSV
2023,Mar,yesterday_20230312.CSV,http://jtimmer.digitalspacemail17.net/data/2023/Mar/yesterday_20230312.CSV
2023,Mar,yesterday_20230313.CSV,http://jtimmer.digitalspacemail17.net/data/2023/Mar/yesterday_20230313.CSV
2023,Mar,yesterday_20230314.CSV,http://jtimmer.digitalspacemail17.net/data/2023/Mar/yesterday_20230314.CSV
2023,Mar,yesterday_20230315.CSV,http://jtimmer.digitalspacemail17.net/data/2023/Mar/yesterday_20230315.CSV
2023,Mar,yesterday_20230316.CSV,http://jtimmer.digitalspacemail17.net/data/2023/Mar/yesterday_20230316.CSV
2023,Mar,yesterday_20230317.CSV,http://jtimmer.digitalspacemail17.net/data/2023/Mar/yesterday_20230317.CSV
2023,Mar,yesterday_20230318.CSV,http://jtimmer.digitalspacemail17.net/data/2023/Mar/yesterday_20230318.CSV
2023,Mar,yesterday_20230319.CSV,http://jtimmer.digitalspacemail17.net/data/2023/Mar/yesterday_20230319.CSV
2023,Mar,yesterday_20230320.CSV,http://jtimmer.digitalspacemail17.net/data/2023/Mar/yesterday_20230320.CSV
2023,Mar,yesterday_20230321.CSV,http://jtimmer.digitalspacemail17.net/data/2023/Mar/yesterday_20230321.CSV
2023,Mar,yesterday_20230322.CSV,http://jtimmer.digitalspacemail17.net/data/2023/Mar/yesterday_20230322.CSV
2023,Mar,yesterday_20230323.CSV,http://jtimmer.digitalspacemail17.net/data/2023/Mar/yesterday_20230323.CSV
2023,Mar,yesterday_20230324.CSV,http://jtimmer.digitalspacemail17.net/data/2023/Mar/yesterday_20230324.CSV
2023,Mar,yesterday_20230325.CSV,http://jtimmer.digitalspacemail17.net/data/2023/Mar/yesterday_20230325.CSV
2023,Mar,yesterday_20230326.CSV,http://jtimmer.digitalspacemail17.net/data/2023/Mar/yesterday_20230326.CSV
2023,Mar,yesterday_20230327.CSV,http://jtimmer.digitalspacemail17.net/data/2023/Mar/yesterday_20230327.CSV
2023,Mar,yesterday_20230328.CSV,http://jtimmer.digitalspacemail17.net/data/2023/Mar/yesterday_20230328.CSV
2023,Mar,yesterday_20230329.CSV,http://jtimmer.digitalspacemail17.net/data/2023/Mar/yesterday_20230329.CSV
2023,Mar,yesterday_20230330.CSV,http://jtimmer.digitalspacemail17.net/data/2023/Mar/yesterday_20230330.CSV
2023,Mar,yesterday_20230331.CSV,http://jtimmer.digitalspacemail17.net/data/2023/Mar/yesterday_20230331.CSV
2023,Apr,yesterday_20230401.CSV,http://jtimmer.digitalspacemail17.net/data/2023/Mar/yesterday_20230401.CSV
2023,Apr,yesterday_20230402.CSV,http://jtimmer.digitalspacemail17.net/data/2023/Apr/yesterday_20230402.CSV
2023,Apr,yesterday_20230403.CSV,http://jtimmer.digitalspacemail17.net/data/2023/Apr/yesterday_20230403.CSV
2023,Apr,yesterday_20230404.CSV,http://jtimmer.digitalspacemail17.net/data/2023/Apr/yesterday_20230404.CSV
2023,Apr,yesterday_20230405.CSV,http://jtimmer.digitalspacemail17.net/data/2023/Apr/yesterday_20230405.CSV
2023,Apr,yesterday_20230406.CSV,http://jtimmer.digitalspacemail17.net/data/2023/Apr/yesterday_20230406.CSV
2023,Apr,yesterday_20230407.CSV,http://jtimmer.digitalspacemail17.net/data/2023/Apr/yesterday_20230407.CSV
2023,Apr,yesterday_20230408.CSV,http://jtimmer.digitalspacemail17.net/data/2023/Apr/yesterday_20230408.CSV
2023,Apr,yesterday_20230409.CSV,http://jtimmer.digitalspacemail17.net/data/2023/Apr/yesterday_20230409.CSV
2023,Apr,yesterday_20230410.CSV,http://jtimmer.digitalspacemail17.net/data/2023/Apr/yesterday_20230410.CSV
2023,Apr,yesterday_20230411.CSV,http://jtimmer.digitalspacemail17.net/data/2023/Apr/yesterday_20230411.CSV
2023,Apr,yesterday_20230412.CSV,http://jtimmer.digitalspacemail17.net/data/2023/Apr/yesterday_20230412.CSV
2023,Apr,yesterday_20230413.CSV,http://jtimmer.digitalspacemail17.net/data/2023/Apr/yesterday_20230413.CSV
2023,Apr,yesterday_20230414.CSV,http://jtimmer.digitalspacemail17.net/data/2023/Apr/yesterday_20230414.CSV
2023,Apr,yesterday_20230415.CSV,http://jtimmer.digitalspacemail17.net/data/2023/Apr/yesterday_20230415.CSV
2023,Apr,yesterday_20230416.CSV,http://jtimmer.digitalspacemail17.net/data/2023/Apr/yesterday_20230416.CSV
2023,Apr,yesterday_20230417.CSV,http://jtimmer.digitalspacemail17.net/data/2023/Apr/yesterday_20230417.CSV
2023,Apr,yesterday_20230418.CSV,http://jtimmer.digitalspacemail17.net/data/2023/Apr/yesterday_20230418.CSV
2023,Apr,yesterday_20230419.CSV,http://jtimmer.digitalspacemail17.net/data/2023/Apr/yesterday_20230419.CSV
2023,Apr,yesterday_20230420.CSV,http://jtimmer.digitalspacemail17.net/data/2023/Apr/yesterday_20230420.CSV
2023,Apr,yesterday_20230421.CSV,http://jtimmer.digitalspacemail17.net/data/2023/Apr/yesterday_20230421.CSV
2023,Apr,yesterday_20230422.CSV,http://jtimmer.digitalspacemail17.net/data/2023/Apr/yesterday_20230422.CSV
2023,Apr,yesterday_20230423.CSV,http://jtimmer.digitalspacemail17.net/data/2023/Apr/yesterday_20230423.CSV
2023,Apr,yesterday_20230424.CSV,http://jtimmer.digitalspacemail17.net/data/2023/Apr/yesterday_20230424.CSV
2023,Apr,yesterday_20230425.CSV,http://jtimmer.digitalspacemail17.net/data/2023/Apr/yesterday_20230425.CSV
2023,Apr,yesterday_20230426.CSV,http://jtimmer.digitalspacemail17.net/data/2023/Apr/yesterday_20230426.CSV
2023,Apr,yesterday_20230427.CSV,http://jtimmer.digitalspacemail17.net/data/2023/Apr/yesterday_20230427.CSV
2023,Apr,yesterday_20230428.CSV,http://jtimmer.digitalspacemail17.net/data/2023/Apr/yesterday_20230428.CSV
2023,Apr,yesterday_20230429.CSV,http://jtimmer.digitalspacemail17.net/data/2023/Apr/yesterday_20230429.CSV
2023,Apr,yesterday_20230430.CSV,http://jtimmer.digitalspacemail17.net/data/2023/Apr/yesterday_20230430.CSV
2023,May,yesterday_20230501.CSV,http://jtimmer.digitalspacemail17.net/data/2023/Apr/yesterday_20230501.CSV
2023,May,yesterday_20230502.CSV,http://jtimmer.digitalspacemail17.net/data/2023/May/yesterday_20230502.CSV
2023,May,yesterday_20230503.CSV,http://jtimmer.digitalspacemail17.net/data/2023/May/yesterday_20230503.CSV
2023,May,yesterday_20230504.CSV,http://jtimmer.digitalspacemail17.net/data/2023/May/yesterday_20230504.CSV
2023,May,yesterday_20230505.CSV,http://jtimmer.digitalspacemail17.net/data/2023/May/yesterday_20230505.CSV
2023,May,yesterday_20230506.CSV,http://jtimmer.digitalspacemail17.net/data/2023/May/yesterday_20230506.CSV
2023,May,yesterday_20230507.CSV,http://jtimmer.digitalspacemail17.net/data/2023/May/yesterday_20230507.CSV
2023,May,yesterday_20230508.CSV,http://jtimmer.digitalspacemail17.net/data/2023/May/yesterday_20230508.CSV
2023,May,yesterday_20230509.CSV,http://jtimmer.digitalspacemail17.net/data/2023/May/yesterday_20230509.CSV
2023,May,yesterday_20230510.CSV,http://jtimmer.digitalspacemail17.net/data/2023/May/yesterday_20230510.CSV
2023,May,yesterday_20230511.CSV,http://jtimmer.digitalspacemail17.net/data/2023/May/yesterday_20230511.CSV
2023,May,yesterday_20230512.CSV,http://jtimmer.digitalspacemail17.net/data/2023/May/yesterday_20230512.CSV
2023,May,yesterday_20230513.CSV,http://jtimmer.digitalspacemail17.net/data/2023/May/yesterday_20230513.CSV
2023,May,yesterday_20230514.CSV,http://jtimmer.digitalspacemail17.net/data/2023/May/yesterday_20230514.CSV
2023,May,yesterday_20230515.CSV,http://jtimmer.digitalspacemail17.net/data/2023/May/yesterday_20230515.CSV
2023,May,yesterday_20230516.CSV,http://jtimmer.digitalspacemail17.net/data/2023/May/yesterday_20230516.CSV
2023,May,yesterday_20230517.CSV,http://jtimmer.digitalspacemail17.net/data/2023/May/yesterday_20230517.CSV
2023,May,yesterday_20230518.CSV,http://jtimmer.digitalspacemail17.net/data/2023/May/yesterday_20230518.CSV
2023,May,yesterday_20230519.CSV,http://jtimmer.digitalspacemail17.net/data/2023/May/yesterday_20230519.CSV
2023,May,yesterday_20230520.CSV,http://jtimmer.digitalspacemail17.net/data/2023/May/yesterday_20230520.CSV
2023,May,yesterday_20230521.CSV,http://jtimmer.digitalspacemail17.net/data/2023/May/yesterday_20230521.CSV
2023,May,yesterday_20230522.CSV,http://jtimmer.digitalspacemail17.net/data/2023/May/yesterday_20230522.CSV
2023,May,yesterday_20230523.CSV,http://jtimmer.digitalspacemail17.net/data/2023/May/yesterday_20230523.CSV
2023,May,yesterday_20230524.CSV,http://jtimmer.digitalspacemail17.net/data/2023/May/yesterday_20230524.CSV
2023,May,yesterday_20230525.CSV,http://jtimmer.digitalspacemail17.net/data/2023/May/yesterday_20230525.CSV
2023,May,yesterday_20230526.CSV,http://jtimmer.digitalspacemail17.net/data/2023/May/yesterday_20230526.CSV
2023,May,yesterday_20230527.CSV,http://jtimmer.digitalspacemail17.net/data/2023/May/yesterday_20230527.CSV
2023,May,yesterday_20230528.CSV,http://jtimmer.digitalspacemail17.net/data/2023/May/yesterday_20230528.CSV
2023,May,yesterday_20230529.CSV,http://jtimmer.digitalspacemail17.net/data/2023/May/yesterday_20230529.CSV
2023,May,yesterday_20230530.CSV,http://jtimmer.digitalspacemail17.net/data/2023/May/yesterday_20230530.CSV
2023,May,yesterday_20230531.CSV,http://jtimmer.digitalspacemail17.net/data/2023/May/yesterday_20230531.CSV
2023,Jun,yesterday_20230601.CSV,http://jtimmer.digitalspacemail17.net/data/2023/May/yesterday_20230601.CSV
2023,Jun,yesterday_20230602.CSV,http://jtimmer.digitalspacemail17.net/data/2023/Jun/yesterday_20230602.CSV
2023,Jun,yesterday_20230603.CSV,http://jtimmer.digitalspacemail17.net/data/2023/Jun/yesterday_20230603.CSV
2023,Jun,yesterday_20230604.CSV,http://jtimmer.digitalspacemail17.net/data/2023/Jun/yesterday_20230604.CSV
2023,Jun,yesterday_20230605.CSV,http://jtimmer.digitalspacemail17.net/data/2023/Jun/yesterday_20230605.CSV
2023,Jun,yesterday_20230606.CSV,http://jtimmer.digitalspacemail17.net/data/2023/Jun/yesterday_20230606.CSV
2023,Jun,yesterday_20230607.CSV,http://jtimmer.digitalspacemail17.net/data/2023/Jun/yesterday_20230607.CSV
2023,Jun,yesterday_20230608.CSV,http://jtimmer.digitalspacemail17.net/data/2023/Jun/yesterday_20230608.CSV
2023,Jun,yesterday_20230609.CSV,http://jtimmer.digitalspacemail17.net/data/2023/Jun/yesterday_20230609.CSV
2023,Jun,yesterday_20230610.CSV,http://jtimmer.digitalspacemail17.net/data/2023/Jun/yesterday_20230610.CSV
2023,Jun,yesterday_20230611.CSV,http://jtimmer.digitalspacemail17.net/data/2023/Jun/yesterday_20230611.CSV
2023,Jun,yesterday_20230612.CSV,http://jtimmer.digitalspacemail17.net/data/2023/Jun/yesterday_20230612.CSV
2023,Jun,yesterday_20230613.CSV,http://jtimmer.digitalspacemail17.net/data/2023/Jun/yesterday_20230613.CSV
2023,Jun,yesterday_20230614.CSV,http://jtimmer.digitalspacemail17.net/data/2023/Jun/yesterday_20230614.CSV
2023,Jun,yesterday_20230615.CSV,http://jtimmer.digitalspacemail17.net/data/2023/Jun/yesterday_20230615.CSV
2023,Jun,yesterday_20230616.CSV,http://jtimmer.digitalspacemail17.net/data/2023/Jun/yesterday_20230616.CSV
2023,Jun,yesterday_20230617.CSV,http://jtimmer.digitalspacemail17.net/data/2023/Jun/yesterday_20230617.CSV
2023,Jun,yesterday_20230618.CSV,http://jtimmer.digitalspacemail17.net/data/2023/Jun/yesterday_20230618.CSV
2023,Jun,yesterday_20230619.CSV,http://jtimmer.digitalspacemail17.net/data/2023/Jun/yesterday_20230619.CSV
2023,Jun,yesterday_20230620.CSV,http://jtimmer.digitalspacemail17.net/data/2023/Jun/yesterday_20230620.CSV
2023,Jun,yesterday_20230621.CSV,http://jtimmer.digitalspacemail17.net/data/2023/Jun/yesterday_20230621.CSV
2023,Jun,yesterday_20230622.CSV,http://jtimmer.digitalspacemail17.net/data/2023/Jun/yesterday_20230622.CSV
2023,Jun,yesterday_20230623.CSV,http://jtimmer.digitalspacemail17.net/data/2023/Jun/yesterday_20230623.CSV
2023,Jun,yesterday_20230624.CSV,http://jtimmer.digitalspacemail17.net/data/2023/Jun/yesterday_20230624.CSV
2023,Jun,yesterday_20230625.CSV,http://jtimmer.digitalspacemail17.net/data/2023/Jun/yesterday_20230625.CSV
2023,Jun,yesterday_20230626.CSV,http://jtimmer.digitalspacemail17.net/data/2023/Jun/yesterday_20230626.CSV
2023,Jun,yesterday_20230627.CSV,http://jtimmer.digitalspacemail17.net/data/2023/Jun/yesterday_20230627.CSV
2023,Jun,yesterday_20230628.CSV,http://jtimmer.digitalspacemail17.net/data/2023/Jun/yesterday_20230628.CSV
2023,Jun,yesterday_20230629.CSV,http://jtimmer.digitalspacemail17.net/data/2023/Jun/yesterday_20230629.CSV
2023,Jun,yesterday_20230630.CSV,http://jtimmer.digitalspacemail17.net/data/2023/Jun/yesterday_20230630.CSV
2023,Jul,yesterday_20230701.CSV,http://jtimmer.digitalspacemail17.net/data/2023/Jun/yesterday_20230701.CSV
2023,Jul,yesterday_20230702.CSV,http://jtimmer.digitalspacemail17.net/data/2023/Jul/yesterday_20230702.CSV
2023,Jul,yesterday_20230703.CSV,http://jtimmer.digitalspacemail17.net/data/2023/Jul/yesterday_20230703.CSV
2023,Jul,yesterday_20230704.CSV,http://jtimmer.digitalspacemail17.net/data/2023/Jul/yesterday_20230704.CSV
2023,Jul,yesterday_20230705.CSV,http://jtimmer.digitalspacemail17.net/data/2023/Jul/yesterday_20230705.CSV
2023,Jul,yesterday_20230706.CSV,http://jtimmer.digitalspacemail17.net/data/2023/Jul/yesterday_20230706.CSV
2023,Jul,yesterday_20230707.CSV,http://jtimmer.digitalspacemail17.net/data/2023/Jul/yesterday_20230707.CSV
2023,Jul,yesterday_20230708.CSV,http://jtimmer.digitalspacemail17.net/data/2023/Jul/yesterday_20230708.CSV
2023,Jul,yesterday_20230709.CSV,http://jtimmer.digitalspacemail17.net/data/2023/Jul/yesterday_20230709.CSV
2023,Jul,yesterday_20230710.CSV,http://jtimmer.digitalspacemail17.net/data/2023/Jul/yesterday_20230710.CSV
2023,Jul,yesterday_20230711.CSV,http://jtimmer.digitalspacemail17.net/data/2023/Jul/yesterday_20230711.CSV
2023,Jul,yesterday_20230712.CSV,http://jtimmer.digitalspacemail17.net/data/2023/Jul/yesterday_20230712.CSV
2023,Jul,yesterday_20230713.CSV,http://jtimmer.digitalspacemail17.net/data/2023/Jul/yesterday_20230713.CSV
2023,Jul,yesterday_20230714.CSV,http://jtimmer.digitalspacemail17.net/data/2023/Jul/yesterday_20230714.CSV
2023,Jul,yesterday_20230715.CSV,http://jtimmer.digitalspacemail17.net/data/2023/Jul/yesterday_20230715.CSV
2023,Jul,yesterday_20230716.CSV,http://jtimmer.digitalspacemail17.net/data/2023/Jul/yesterday_20230716.CSV
2023,Jul,yesterday_20230717.CSV,http://jtimmer.digitalspacemail17.net/data/2023/Jul/yesterday_20230717.CSV
2023,Jul,yesterday_20230718.CSV,http://jtimmer.digitalspacemail17.net/data/2023/Jul/yesterday_20230718.CSV
2023,Jul,yesterday_20230719.CSV,http://jtimmer.digitalspacemail17.net/data/2023/Jul/yesterday_20230719.CSV
2023,Jul,yesterday_20230720.CSV,http://jtimmer.digitalspacemail17.net/data/2023/Jul/yesterday_20230720.CSV
2023,Jul,yesterday_20230721.CSV,http://jtimmer.digitalspacemail17.net/data/2023/Jul/yesterday_20230721.CSV
2023,Jul,yesterday_20230722.CSV,http://jtimmer.digitalspacemail17.net/data/2023/Jul/yesterday_20230722.CSV
2023,Jul,yesterday_20230723.CSV,http://jtimmer.digitalspacemail17.net/data/2023/Jul/yesterday_20230723.CSV
2023,Jul,yesterday_20230724.CSV,http://jtimmer.digitalspacemail17.net/data/2023/Jul/yesterday_20230724.CSV
2023,Jul,yesterday_20230725.CSV,http://jtimmer.digitalspacemail17.net/data/2023/Jul/yesterday_20230725.CSV
2023,Jul,yesterday_20230726.CSV,http://jtimmer.digitalspacemail17.net/data/2023/Jul/yesterday_20230726.CSV
2023,Jul,yesterday_20230727.CSV,http://jtimmer.digitalspacemail17.net/data/2023/Jul/yesterday_20230727.CSV
2023,Jul,yesterday_20230728.CSV,http://jtimmer.digitalspacemail17.net/data/2023/Jul/yesterday_20230728.CSV
2023,Jul,yesterday_20230729.CSV,http://jtimmer.digitalspacemail17.net/data/2023/Jul/yesterday_20230729.CSV
2023,Jul,yesterday_20230730.CSV,http://jtimmer.digitalspacemail17.net/data/2023/Jul/yesterday_20230730.CSV
2023,Jul,yesterday_20230731.CSV,http://jtimmer.digitalspacemail17.net/data/2023/Jul/yesterday_20230731.CSV
2023,Aug,yesterday_20230801.CSV,http://jtimmer.digitalspacemail17.net/data/2023/Jul/yesterday_20230801.CSV
2023,Aug,yesterday_20230802.CSV,http://jtimmer.digitalspacemail17.net/data/2023/Aug/yesterday_20230802.CSV
2023,Aug,yesterday_20230803.CSV,http://jtimmer.digitalspacemail17.net/data/2023/Aug/yesterday_20230803.CSV
2023,Aug,yesterday_20230804.CSV,http://jtimmer.digitalspacemail17.net/data/2023/Aug/yesterday_20230804.CSV
2023,Aug,yesterday_20230805.CSV,http://jtimmer.digitalspacemail17.net/data/2023/Aug/yesterday_20230805.CSV
2023,Aug,yesterday_20230806.CSV,http://jtimmer.digitalspacemail17.net/data/2023/Aug/yesterday_20230806.CSV
2023,Aug,yesterday_20230807.CSV,http://jtimmer.digitalspacemail17.net/data/2023/Aug/yesterday_20230807.CSV
2023,Aug,yesterday_20230808.CSV,http://jtimmer.digitalspacemail17.net/data/2023/Aug/yesterday_20230808.CSV
2023,Aug,yesterday_20230809.CSV,http://jtimmer.digitalspacemail17.net/data/2023/Aug/yesterday_20230809.CSV
2023,Aug,yesterday_20230810.CSV,http://jtimmer.digitalspacemail17.net/data/2023/Aug/yesterday_20230810.CSV
2023,Aug,yesterday_20230811.CSV,http://jtimmer.digitalspacemail17.net/data/2023/Aug/yesterday_20230811.CSV
2023,Aug,yesterday_20230812.CSV,http://jtimmer.digitalspacemail17.net/data/2023/Aug/yesterday_20230812.CSV
2023,Aug,yesterday_20230813.CSV,http://jtimmer.digitalspacemail17.net/data/2023/Aug/yesterday_20230813.CSV
2023,Aug,yesterday_20230814.CSV,http://jtimmer.digitalspacemail17.net/data/2023/Aug/yesterday_20230814.CSV
2023,Aug,yesterday_20230815.CSV,http://jtimmer.digitalspacemail17.net/data/2023/Aug/yesterday_20230815.CSV
2023,Aug,yesterday_20230816.CSV,http://jtimmer.digitalspacemail17.net/data/2023/Aug/yesterday_20230816.CSV
2023,Aug,yesterday_20230817.CSV,http://jtimmer.digitalspacemail17.net/data/2023/Aug/yesterday_20230817.CSV
2023,Aug,yesterday_20230818.CSV,http://jtimmer.digitalspacemail17.net/data/2023/Aug/yesterday_20230818.CSV
2023,Aug,yesterday_20230819.CSV,http://jtimmer.digitalspacemail17.net/data/2023/Aug/yesterday_20230819.CSV
2023,Aug,yesterday_20230820.CSV,http://jtimmer.digitalspacemail17.net/data/2023/Aug/yesterday_20230820.CSV
2023,Aug,yesterday_20230821.CSV,http://jtimmer.digitalspacemail17.net/data/2023/Aug/yesterday_20230821.CSV
2023,Aug,yesterday_20230822.CSV,http://jtimmer.digitalspacemail17.net/data/2023/Aug/yesterday_20230822.CSV
2023,Aug,yesterday_20230823.CSV,http://jtimmer.digitalspacemail17.net/data/2023/Aug/yesterday_20230823.CSV
2023,Aug,yesterday_20230824.CSV,http://jtimmer.digitalspacemail17.net/data/2023/Aug/yesterday_20230824.CSV
2023,Aug,yesterday_20230825.CSV,http://jtimmer.digitalspacemail17.net/data/2023/Aug/yesterday_20230825.CSV
2023,Aug,yesterday_20230826.CSV,http://jtimmer.digitalspacemail17.net/data/2023/Aug/yesterday_20230826.CSV
2023,Aug,yesterday_20230827.CSV,http://jtimmer.digitalspacemail17.net/data/2023/Aug/yesterday_20230827.CSV
2023,Aug,yesterday_20230828.CSV,http://jtimmer.digitalspacemail17.net/data/2023/Aug/yesterday_20230828.CSV
2023,Aug,yesterday_20230829.CSV,http://jtimmer.digitalspacemail17.net/data/2023/Aug/yesterday_20230829.CSV
2023,Aug,yesterday_20230830.CSV,http://jtimmer.digitalspacemail17.net/data/2023/Aug/yesterday_20230830.CSV
2023,Aug,yesterday_20230831.CSV,http://jtimmer.digitalspacemail17.net/data/2023/Aug/yesterday_20230831.CSV
2023,Sep,yesterday_20230901.CSV,http://jtimmer.digitalspacemail17.net/data/2023/Aug/yesterday_20230901.CSV
2023,Sep,yesterday_20230902.CSV,http://jtimmer.digitalspacemail17.net/data/2023/Sep/yesterday_20230902.CSV
2023,Sep,yesterday_20230903.CSV,http://jtimmer.digitalspacemail17.net/data/2023/Sep/yesterday_20230903.CSV
2023,Sep,yesterday_20230904.CSV,http://jtimmer.digitalspacemail17.net/data/2023/Sep/yesterday_20230904.CSV
2023,Sep,yesterday_20230905.CSV,http://jtimmer.digitalspacemail17.net/data/2023/Sep/yesterday_20230905.CSV
2023,Sep,yesterday_20230906.CSV,http://jtimmer.digitalspacemail17.net/data/2023/Sep/yesterday_20230906.CSV
2023,Sep,yesterday_20230907.CSV,http://jtimmer.digitalspacemail17.net/data/2023/Sep/yesterday_20230907.CSV
2023,Sep,yesterday_20230908.CSV,http://jtimmer.digitalspacemail17.net/data/2023/Sep/yesterday_20230908.CSV
2023,Sep,yesterday_20230909.CSV,http://jtimmer.digitalspacemail17.net/data/2023/Sep/yesterday_20230909.CSV
2023,Sep,yesterday_20230910.CSV,http://jtimmer.digitalspacemail17.net/data/2023/Sep/yesterday_20230910.CSV
2023,Sep,yesterday_20230911.CSV,http://jtimmer.digitalspacemail17.net/data/2023/Sep/yesterday_20230911.CSV
2023,Sep,yesterday_20230912.CSV,http://jtimmer.digitalspacemail17.net/data/2023/Sep/yesterday_20230912.CSV
2023,Sep,yesterday_20230913.CSV,http://jtimmer.digitalspacemail17.net/data/2023/Sep/yesterday_20230913.CSV
2023,Sep,yesterday_20230914.CSV,http://jtimmer.digitalspacemail17.net/data/2023/Sep/yesterday_20230914.CSV
2023,Sep,yesterday_20230915.CSV,http://jtimmer.digitalspacemail17.net/data/2023/Sep/yesterday_20230915.CSV
2023,Sep,yesterday_20230916.CSV,http://jtimmer.digitalspacemail17.net/data/2023/Sep/yesterday_20230916.CSV
2023,Sep,yesterday_20230917.CSV,http://jtimmer.digitalspacemail17.net/data/2023/Sep/yesterday_20230917.CSV
2023,Sep,yesterday_20230918.CSV,http://jtimmer.digitalspacemail17.net/data/2023/Sep/yesterday_20230918.CSV
2023,Sep,yesterday_20230919.CSV,http://jtimmer.digitalspacemail17.net/data/2023/Sep/yesterday_20230919.CSV
2023,Sep,yesterday_20230920.CSV,http://jtimmer.digitalspacemail17.net/data/2023/Sep/yesterday_20230920.CSV
2023,Sep,yesterday_20230921.CSV,http://jtimmer.digitalspacemail17.net/data/2023/Sep/yesterday_20230921.CSV
2023,Sep,yesterday_20230922.CSV,http://jtimmer.digitalspacemail17.net/data/2023/Sep/yesterday_20230922.CSV
2023,Sep,yesterday_20230923.CSV,http://jtimmer.digitalspacemail17.net/data/2023/Sep/yesterday_20230923.CSV
2023,Sep,yesterday_20230924.CSV,http://jtimmer.digitalspacemail17.net/data/2023/Sep/yesterday_20230924.CSV
2023,Sep,yesterday_20230925.CSV,http://jtimmer.digitalspacemail17.net/data/2023/Sep/yesterday_20230925.CSV
2023,Sep,yesterday_20230926.CSV,http://jtimmer.digitalspacemail17.net/data/2023/Sep/yesterday_20230926.CSV
2023,Sep,yesterday_20230927.CSV,http://jtimmer.digitalspacemail17.net/data/2023/Sep/yesterday_20230927.CSV
2023,Sep,yesterday_20230928.CSV,http://jtimmer.digitalspacemail17.net/data/2023/Sep/yesterday_20230928.CSV
2023,Sep,yesterday_20230929.CSV,http://jtimmer.digitalspacemail17.net/data/2023/Sep/yesterday_20230929.CSV
2023,Sep,yesterday_20230930.CSV,http://jtimmer.digitalspacemail17.net/data/2023/Sep/yesterday_20230930.CSV
2023,Oct,yesterday_20231001.CSV,http://jtimmer.digitalspacemail17.net/data/2023/Sep/yesterday_20231001.CSV
2023,Oct,yesterday_20231002.CSV,http://jtimmer.digitalspacemail17.net/data/2023/Oct/yesterday_20231002.CSV
2023,Oct,yesterday_20231003.CSV,http://jtimmer.digitalspacemail17.net/data/2023/Oct/yesterday_20231003.CSV
2023,Oct,yesterday_20231004.CSV,http://jtimmer.digitalspacemail17.net/data/2023/Oct/yesterday_20231004.CSV
2023,Oct,yesterday_20231005.CSV,http://jtimmer.digitalspacemail17.net/data/2023/Oct/yesterday_20231005.CSV
2023,Oct,yesterday_20231006.CSV,http://jtimmer.digitalspacemail17.net/data/2023/Oct/yesterday_20231006.CSV
2023,Oct,yesterday_20231007.CSV,http://jtimmer.digitalspacemail17.net/data/2023/Oct/yesterday_20231007.CSV
2023,Oct,yesterday_20231008.CSV,http://jtimmer.digitalspacemail17.net/data/2023/Oct/yesterday_20231008.CSV
2023,Oct,yesterday_20231009.CSV,http://jtimmer.digitalspacemail17.net/data/2023/Oct/yesterday_20231009.CSV
2023,Oct,yesterday_20231010.CSV,http://jtimmer.digitalspacemail17.net/data/2023/Oct/yesterday_20231010.CSV
2023,Oct,yesterday_20231011.CSV,http://jtimmer.digitalspacemail17.net/data/2023/Oct/yesterday_20231011.CSV
2023,Oct,yesterday_20231012.CSV,http://jtimmer.digitalspacemail17.net/data/2023/Oct/yesterday_20231012.CSV
2023,Oct,yesterday_20231013.CSV,http://jtimmer.digitalspacemail17.net/data/2023/Oct/yesterday_20231013.CSV
2023,Oct,yesterday_20231014.CSV,http://jtimmer.digitalspacemail17.net/data/2023/Oct/yesterday_20231014.CSV
2023,Oct,yesterday_20231015.CSV,http://jtimmer.digitalspacemail17.net/data/2023/Oct/yesterday_20231015.CSV
2023,Oct,yesterday_20231016.CSV,http://jtimmer.digitalspacemail17.net/data/2023/Oct/yesterday_20231016.CSV
2023,Oct,yesterday_20231017.CSV,http://jtimmer.digitalspacemail17.net/data/2023/Oct/yesterday_20231017.CSV
2023,Oct,yesterday_20231018.CSV,http://jtimmer.digitalspacemail17.net/data/2023/Oct/yesterday_20231018.CSV
2023,Oct,yesterday_20231019.CSV,http://jtimmer.digitalspacemail17.net/data/2023/Oct/yesterday_20231019.CSV
2023,Oct,yesterday_20231020.CSV,http://jtimmer.digitalspacemail17.net/data/2023/Oct/yesterday_20231020.CSV
2023,Oct,yesterday_20231021.CSV,http://jtimmer.digitalspacemail17.net/data/2023/Oct/yesterday_20231021.CSV
2023,Oct,yesterday_20231022.CSV,http://jtimmer.digitalspacemail17.net/data/2023/Oct/yesterday_20231022.CSV
2023,Oct,yesterday_20231023.CSV,http://jtimmer.digitalspacemail17.net/data/2023/Oct/yesterday_20231023.CSV
2023,Oct,yesterday_20231024.CSV,http://jtimmer.digitalspacemail17.net/data/2023/Oct/yesterday_20231024.CSV
2023,Oct,yesterday_20231025.CSV,http://jtimmer.digitalspacemail17.net/data/2023/Oct/yesterday_20231025.CSV
2023,Oct,yesterday_20231026.CSV,http://jtimmer.digitalspacemail17.net/data/2023/Oct/yesterday_20231026.CSV
2023,Oct,yesterday_20231027.CSV,http://jtimmer.digitalspacemail17.net/data/2023/Oct/yesterday_20231027.CSV
2023,Oct,yesterday_20231028.CSV,http://jtimmer.digitalspacemail17.net/data/2023/Oct/yesterday_20231028.CSV
2023,Oct,yesterday_20231029.CSV,http://jtimmer.digitalspacemail17.net/data/2023/Oct/yesterday_20231029.CSV
2023,Oct,yesterday_20231030.CSV,http://jtimmer.digitalspacemail17.net/data/2023/Oct/yesterday_20231030.CSV
2023,Oct,yesterday_20231031.CSV,http://jtimmer.digitalspacemail17.net/data/2023/Oct/yesterday_20231031.CSV
2023,Nov,yesterday_20231101.CSV,http://jtimmer.digitalspacemail17.net/data/2023/Oct/yesterday_20231101.CSV
2023,Nov,yesterday_20231102.CSV,http://jtimmer.digitalspacemail17.net/data/2023/Nov/yesterday_20231102.CSV
2023,Nov,yesterday_20231103.CSV,http://jtimmer.digitalspacemail17.net/data/2023/Nov/yesterday_20231103.CSV
2023,Nov,yesterday_20231104.CSV,http://jtimmer.digitalspacemail17.net/data/2023/Nov/yesterday_20231104.CSV
2023,Nov,yesterday_20231105.CSV,http://jtimmer.digitalspacemail17.net/data/2023/Nov/yesterday_20231105.CSV
2023,Nov,yesterday_20231106.CSV,http://jtimmer.digitalspacemail17.net/data/2023/Nov/yesterday_20231106.CSV
2023,Nov,yesterday_20231107.CSV,http://jtimmer.digitalspacemail17.net/data/2023/Nov/yesterday_20231107.CSV
2023,Nov,yesterday_20231108.CSV,http://jtimmer.digitalspacemail17.net/data/2023/Nov/yesterday_20231108.CSV
2023,Nov,yesterday_20231109.CSV,http://jtimmer.digitalspacemail17.net/data/2023/Nov/yesterday_20231109.CSV
2023,Nov,yesterday_20231110.CSV,http://jtimmer.digitalspacemail17.net/data/2023/Nov/yesterday_20231110.CSV
2023,Nov,yesterday_20231111.CSV,http://jtimmer.digitalspacemail17.net/data/2023/Nov/yesterday_20231111.CSV
2023,Nov,yesterday_20231112.CSV,http://jtimmer.digitalspacemail17.net/data/2023/Nov/yesterday_20231112.CSV
2023,Nov,yesterday_20231113.CSV,http://jtimmer.digitalspacemail17.net/data/2023/Nov/yesterday_20231113.CSV
2023,Nov,yesterday_20231114.CSV,http://jtimmer.digitalspacemail17.net/data/2023/Nov/yesterday_20231114.CSV
2023,Nov,yesterday_20231115.CSV,http://jtimmer.digitalspacemail17.net/data/2023/Nov/yesterday_20231115.CSV
2023,Nov,yesterday_20231116.CSV,http://jtimmer.digitalspacemail17.net/data/2023/Nov/yesterday_20231116.CSV
2023,Nov,yesterday_20231117.CSV,http://jtimmer.digitalspacemail17.net/data/2023/Nov/yesterday_20231117.CSV
2023,Nov,yesterday_20231118.CSV,http://jtimmer.digitalspacemail17.net/data/2023/Nov/yesterday_20231118.CSV
2023,Nov,yesterday_20231119.CSV,http://jtimmer.digitalspacemail17.net/data/2023/Nov/yesterday_20231119.CSV
2023,Nov,yesterday_20231120.CSV,http://jtimmer.digitalspacemail17.net/data/2023/Nov/yesterday_20231120.CSV
2023,Nov,yesterday_20231121.CSV,http://jtimmer.digitalspacemail17.net/data/2023/Nov/yesterday_20231121.CSV
2023,Nov,yesterday_20231122.CSV,http://jtimmer.digitalspacemail17.net/data/2023/Nov/yesterday_20231122.CSV
2023,Nov,yesterday_20231123.CSV,http://jtimmer.digitalspacemail17.net/data/2023/Nov/yesterday_20231123.CSV
2023,Nov,yesterday_20231124.CSV,http://jtimmer.digitalspacemail17.net/data/2023/Nov/yesterday_20231124.CSV
2023,Nov,yesterday_20231125.CSV,http://jtimmer.digitalspacemail17.net/data/2023/Nov/yesterday_20231125.CSV
2023,Nov,yesterday_20231126.CSV,http://jtimmer.digitalspacemail17.net/data/2023/Nov/yesterday_20231126.CSV
2023,Nov,yesterday_20231127.CSV,http://jtimmer.digitalspacemail17.net/data/2023/Nov/yesterday_20231127.CSV
2023,Nov,yesterday_20231128.CSV,http://jtimmer.digitalspacemail17.net/data/2023/Nov/yesterday_20231128.CSV
2023,Nov,yesterday_20231129.CSV,http://jtimmer.digitalspacemail17.net/data/2023/Nov/yesterday_20231129.CSV
2023,Nov,yesterday_20231130.CSV,http://jtimmer.digitalspacemail17.net/data/2023/Nov/yesterday_20231130.CSV
2023,Dec,yesterday_20231201.CSV,http://jtimmer.digitalspacemail17.net/data/2023/Nov/yesterday_20231201.CSV
2023,Dec,yesterday_20231202.CSV,http://jtimmer.digitalspacemail17.net/data/2023/Dec/yesterday_20231202.CSV
2023,Dec,yesterday_20231203.CSV,http://jtimmer.digitalspacemail17.net/data/2023/Dec/yesterday_20231203.CSV
2023,Dec,yesterday_20231204.CSV,http://jtimmer.digitalspacemail17.net/data/2023/Dec/yesterday_20231204.CSV
2023,Dec,yesterday_20231205.CSV,http://jtimmer.digitalspacemail17.net/data/2023/Dec/yesterday_20231205.CSV
2023,Dec,yesterday_20231206.CSV,http://jtimmer.digitalspacemail17.net/data/2023/Dec/yesterday_20231206.CSV
2023,Dec,yesterday_20231207.CSV,http://jtimmer.digitalspacemail17.net/data/2023/Dec/yesterday_20231207.CSV
2023,Dec,yesterday_20231208.CSV,http://jtimmer.digitalspacemail17.net/data/2023/Dec/yesterday_20231208.CSV
2023,Dec,yesterday_20231209.CSV,http://jtimmer.digitalspacemail17.net/data/2023/Dec/yesterday_20231209.CSV
2023,Dec,yesterday_20231210.CSV,http://jtimmer.digitalspacemail17.net/data/2023/Dec/yesterday_20231210.CSV
2023,Dec,yesterday_20231211.CSV,http://jtimmer.digitalspacemail17.net/data/2023/Dec/yesterday_20231211.CSV
2023,Dec,yesterday_20231212.CSV,http://jtimmer.digitalspacemail17.net/data/2023/Dec/yesterday_20231212.CSV
2023,Dec,yesterday_20231213.CSV,http://jtimmer.digitalspacemail17.net/data/2023/Dec/yesterday_20231213.CSV
2023,Dec,yesterday_20231214.CSV,http://jtimmer.digitalspacemail17.net/data/2023/Dec/yesterday_20231214.CSV
2023,Dec,yesterday_20231215.CSV,http://jtimmer.digitalspacemail17.net/data/2023/Dec/yesterday_20231215.CSV
2023,Dec,yesterday_20231216.CSV,http://jtimmer.digitalspacemail17.net/data/2023/Dec/yesterday_20231216.CSV
2023,Dec,yesterday_20231217.CSV,http://jtimmer.digitalspacemail17.net/data/2023/Dec/yesterday_20231217.CSV
2023,Dec,yesterday_20231218.CSV,http://jtimmer.digitalspacemail17.net/data/2023/Dec/yesterday_20231218.CSV
2023,Dec,yesterday_20231219.CSV,http://jtimmer.digitalspacemail17.net/data/2023/Dec/yesterday_20231219.CSV
2023,Dec,yesterday_20231220.CSV,http://jtimmer.digitalspacemail17.net/data/2023/Dec/yesterday_20231220.CSV
2023,Dec,yesterday_20231221.CSV,http://jtimmer.digitalspacemail17.net/data/2023/Dec/yesterday_20231221.CSV
2023,Dec,yesterday_20231222.CSV,http://jtimmer.digitalspacemail17.net/data/2023/Dec/yesterday_20231222.CSV
2023,Dec,yesterday_20231223.CSV,http://jtimmer.digitalspacemail17.net/data/2023/Dec/yesterday_20231223.CSV
2023,Dec,yesterday_20231224.CSV,http://jtimmer.digitalspacemail17.net/data/2023/Dec/yesterday_20231224.CSV
2023,Dec,yesterday_20231225.CSV,http://jtimmer.digitalspacemail17.net/data/2023/Dec/yesterday_20231225.CSV
2023,Dec,yesterday_20231226.CSV,http://jtimmer.digitalspacemail17.net/data/2023/Dec/yesterday_20231226.CSV
2023,Dec,yesterday_20231227.CSV,http://jtimmer.digitalspacemail17.net/data/2023/Dec/yesterday_20231227.CSV
2023,Dec,yesterday_20231228.CSV,http://jtimmer.digitalspacemail17.net/data/2023/Dec/yesterday_20231228.CSV
2023,Dec,yesterday_20231229.CSV,http://jtimmer.digitalspacemail17.net/data/2023/Dec/yesterday_20231229.CSV
2023,Dec,yesterday_20231230.CSV,http://jtimmer.digitalspacemail17.net/data/2023/Dec/yesterday_20231230.CSV
2023,Dec,yesterday_20231231.CSV,http://jtimmer.digitalspacemail17.net/data/2023/Dec/yesterday_20231231.CSV
2024,Jan,yesterday_20240101.CSV,http://jtimmer.digitalspacemail17.net/data/2023/Dec/yesterday_20240101.CSV
2024,Jan,yesterday_20240102.CSV,http://jtimmer.digitalspacemail17.net/data/2024/Jan/yesterday_20240102.CSV
2024,Jan,yesterday_20240103.CSV,http://jtimmer.digitalspacemail17.net/data/2024/Jan/yesterday_20240103.CSV
2024,Jan,yesterday_20240104.CSV,http://jtimmer.digitalspacemail17.net/data/2024/Jan/yesterday_20240104.CSV
2024,Jan,yesterday_20240105.CSV,http://jtimmer.digitalspacemail17.net/data/2024/Jan/yesterday_20240105.CSV
2024,Jan,yesterday_20240106.CSV,http://jtimmer.digitalspacemail17.net/data/2024/Jan/yesterday_20240106.CSV
2024,Jan,yesterday_20240107.CSV,http://jtimmer.digitalspacemail17.net/data/2024/Jan/yesterday_20240107.CSV
2024,Jan,yesterday_20240108.CSV,http://jtimmer.digitalspacemail17.net/data/2024/Jan/yesterday_20240108.CSV
2024,Jan,yesterday_20240109.CSV,http://jtimmer.digitalspacemail17.net/data/2024/Jan/yesterday_20240109.CSV
2024,Jan,yesterday_20240110.CSV,http://jtimmer.digitalspacemail17.net/data/2024/Jan/yesterday_20240110.CSV
2024,Jan,yesterday_20240111.CSV,http://jtimmer.digitalspacemail17.net/data/2024/Jan/yesterday_20240111.CSV
2024,Jan,yesterday_20240112.CSV,http://jtimmer.digitalspacemail17.net/data/2024/Jan/yesterday_20240112.CSV
2024,Jan,yesterday_20240113.CSV,http://jtimmer.digitalspacemail17.net/data/2024/Jan/yesterday_20240113.CSV
2024,Jan,yesterday_20240114.CSV,http://jtimmer.digitalspacemail17.net/data/2024/Jan/yesterday_20240114.CSV
2024,Jan,yesterday_20240115.CSV,http://jtimmer.digitalspacemail17.net/data/2024/Jan/yesterday_20240115.CSV
2024,Jan,yesterday_20240116.CSV,http://jtimmer.digitalspacemail17.net/data/2024/Jan/yesterday_20240116.CSV
2024,Jan,yesterday_20240117.CSV,http://jtimmer.digitalspacemail17.net/data/2024/Jan/yesterday_20240117.CSV
2024,Jan,yesterday_20240118.CSV,http://jtimmer.digitalspacemail17.net/data/2024/Jan/yesterday_20240118.CSV
2024,Jan,yesterday_20240119.CSV,http://jtimmer.digitalspacemail17.net/data/2024/Jan/yesterday_20240119.CSV
2024,Jan,yesterday_20240120.CSV,http://jtimmer.digitalspacemail17.net/data/2024/Jan/yesterday_20240120.CSV
2024,Jan,yesterday_20240121.CSV,http://jtimmer.digitalspacemail17.net/data/2024/Jan/yesterday_20240121.CSV
2024,Jan,yesterday_20240122.CSV,http://jtimmer.digitalspacemail17.net/data/2024/Jan/yesterday_20240122.CSV
2024,Jan,yesterday_20240123.CSV,http://jtimmer.digitalspacemail17.net/data/2024/Jan/yesterday_20240123.CSV
2024,Jan,yesterday_20240124.CSV,http://jtimmer.digitalspacemail17.net/data/2024/Jan/yesterday_20240124.CSV
2024,Jan,yesterday_20240125.CSV,http://jtimmer.digitalspacemail17.net/data/2024/Jan/yesterday_20240125.CSV
2024,Jan,yesterday_20240126.CSV,http://jtimmer.digitalspacemail17.net/data/2024/Jan/yesterday_20240126.CSV
2024,Jan,yesterday_20240127.CSV,http://jtimmer.digitalspacemail17.net/data/2024/Jan/yesterday_20240127.CSV
2024,Jan,yesterday_20240128.CSV,http://jtimmer.digitalspacemail17.net/data/2024/Jan/yesterday_20240128.CSV
2024,Jan,yesterday_20240129.CSV,http://jtimmer.digitalspacemail17.net/data/2024/Jan/yesterday_20240129.CSV
2024,Jan,yesterday_20240130.CSV,http://jtimmer.digitalspacemail17.net/data/2024/Jan/yesterday_20240130.CSV
2024,Jan,yesterday_20240131.CSV,http://jtimmer.digitalspacemail17.net/data/2024/Jan/yesterday_20240131.CSV
2024,Feb,yesterday_20240201.CSV,http://jtimmer.digitalspacemail17.net/data/2024/Jan/yesterday_20240201.CSV
2024,Feb,yesterday_20240202.CSV,http://jtimmer.digitalspacemail17.net/data/2024/Feb/yesterday_20240202.CSV
2024,Feb,yesterday_20240203.CSV,http://jtimmer.digitalspacemail17.net/data/2024/Feb/yesterday_20240203.CSV
2024,Feb,yesterday_20240204.CSV,http://jtimmer.digitalspacemail17.net/data/2024/Feb/yesterday_20240204.CSV
2024,Feb,yesterday_20240205.CSV,http://jtimmer.digitalspacemail17.net/data/2024/Feb/yesterday_20240205.CSV
2024,Feb,yesterday_20240206.CSV,http://jtimmer.digitalspacemail17.net/data/2024/Feb/yesterday_20240206.CSV
2024,Feb,yesterday_20240207.CSV,http://jtimmer.digitalspacemail17.net/data/2024/Feb/yesterday_20240207.CSV
2024,Feb,yesterday_20240208.CSV,http://jtimmer.digitalspacemail17.net/data/2024/Feb/yesterday_20240208.CSV
2024,Feb,yesterday_20240209.CSV,http://jtimmer.digitalspacemail17.net/data/2024/Feb/yesterday_20240209.CSV
2024,Feb,yesterday_20240210.CSV,http://jtimmer.digitalspacemail17.net/data/2024/Feb/yesterday_20240210.CSV
2024,Feb,yesterday_20240211.CSV,http://jtimmer.digitalspacemail17.net/data/2024/Feb/yesterday_20240211.CSV
2024,Feb,yesterday_20240212.CSV,http://jtimmer.digitalspacemail17.net/data/2024/Feb/yesterday_20240212.CSV
2024,Feb,yesterday_20240213.CSV,http://jtimmer.digitalspacemail17.net/data/2024/Feb/yesterday_20240213.CSV
2024,Feb,yesterday_20240214.CSV,http://jtimmer.digitalspacemail17.net/data/2024/Feb/yesterday_20240214.CSV
2024,Feb,yesterday_20240215.CSV,http://jtimmer.digitalspacemail17.net/data/2024/Feb/yesterday_20240215.CSV
2024,Feb,yesterday_20240216.CSV,http://jtimmer.digitalspacemail17.net/data/2024/Feb/yesterday_20240216.CSV
2024,Feb,yesterday_20240217.CSV,http://jtimmer.digitalspacemail17.net/data/2024/Feb/yesterday_20240217.CSV
2024,Feb,yesterday_20240218.CSV,http://jtimmer.digitalspacemail17.net/data/2024/Feb/yesterday_20240218.CSV
2024,Feb,yesterday_20240219.CSV,http://jtimmer.digitalspacemail17.net/data/2024/Feb/yesterday_20240219.CSV
2024,Feb,yesterday_20240220.CSV,http://jtimmer.digitalspacemail17.net/data/2024/Feb/yesterday_20240220.CSV
2024,Feb,yesterday_20240221.CSV,http://jtimmer.digitalspacemail17.net/data/2024/Feb/yesterday_20240221.CSV
2024,Feb,yesterday_20240222.CSV,http://jtimmer.digitalspacemail17.net/data/2024/Feb/yesterday_20240222.CSV
2024,Feb,yesterday_20240223.CSV,http://jtimmer.digitalspacemail17.net/data/2024/Feb/yesterday_20240223.CSV
2024,Feb,yesterday_20240224.CSV,http://jtimmer.digitalspacemail17.net/data/2024/Feb/yesterday_20240224.CSV
2024,Feb,yesterday_20240225.CSV,http://jtimmer.digitalspacemail17.net/data/2024/Feb/yesterday_20240225.CSV
2024,Feb,yesterday_20240226.CSV,http://jtimmer.digitalspacemail17.net/data/2024/Feb/yesterday_20240226.CSV
2024,Feb,yesterday_20240227.CSV,http://jtimmer.digitalspacemail17.net/data/2024/Feb/yesterday_20240227.CSV
2024,Feb,yesterday_20240228.CSV,http://jtimmer.digitalspacemail17.net/data/2024/Feb/yesterday_20240228.CSV
2024,Feb,yesterday_20240229.CSV,http://jtimmer.digitalspacemail17.net/data/2024/Feb/yesterday_20240229.CSV
2024,Mar,yesterday_20240301.CSV,http://jtimmer.digitalspacemail17.net/data/2024/Feb/yesterday_20240301.CSV
2024,Mar,yesterday_20240302.CSV,http://jtimmer.digitalspacemail17.net/data/2024/Mar/yesterday_20240302.CSV
2024,Mar,yesterday_20240303.CSV,http://jtimmer.digitalspacemail17.net/data/2024/Mar/yesterday_20240303.CSV
2024,Mar,yesterday_20240304.CSV,http://jtimmer.digitalspacemail17.net/data/2024/Mar/yesterday_20240304.CSV
2024,Mar,yesterday_20240305.CSV,http://jtimmer.digitalspacemail17.net/data/2024/Mar/yesterday_20240305.CSV
2024,Mar,yesterday_20240306.CSV,http://jtimmer.digitalspacemail17.net/data/2024/Mar/yesterday_20240306.CSV
2024,Mar,yesterday_20240307.CSV,http://jtimmer.digitalspacemail17.net/data/2024/Mar/yesterday_20240307.CSV
2024,Mar,yesterday_20240308.CSV,http://jtimmer.digitalspacemail17.net/data/2024/Mar/yesterday_20240308.CSV
2024,Mar,yesterday_20240309.CSV,http://jtimmer.digitalspacemail17.net/data/2024/Mar/yesterday_20240309.CSV
2024,Mar,yesterday_20240310.CSV,http://jtimmer.digitalspacemail17.net/data/2024/Mar/yesterday_20240310.CSV
2024,Mar,yesterday_20240311.CSV,http://jtimmer.digitalspacemail17.net/data/2024/Mar/yesterday_20240311.CSV
2024,Mar,yesterday_20240312.CSV,http://jtimmer.digitalspacemail17.net/data/2024/Mar/yesterday_20240312.CSV
2024,Mar,yesterday_20240313.CSV,http://jtimmer.digitalspacemail17.net/data/2024/Mar/yesterday_20240313.CSV
2024,Mar,yesterday_20240314.CSV,http://jtimmer.digitalspacemail17.net/data/2024/Mar/yesterday_20240314.CSV
2024,Mar,yesterday_20240315.CSV,http://jtimmer.digitalspacemail17.net/data/2024/Mar/yesterday_20240315.CSV
2024,Mar,yesterday_20240316.CSV,http://jtimmer.digitalspacemail17.net/data/2024/Mar/yesterday_20240316.CSV
2024,Mar,yesterday_20240317.CSV,http://jtimmer.digitalspacemail17.net/data/2024/Mar/yesterday_20240317.CSV
2024,Mar,yesterday_20240318.CSV,http://jtimmer.digitalspacemail17.net/data/2024/Mar/yesterday_20240318.CSV
2024,Mar,yesterday_20240319.CSV,http://jtimmer.digitalspacemail17.net/data/2024/Mar/yesterday_20240319.CSV
2024,Mar,yesterday_20240320.CSV,http://jtimmer.digitalspacemail17.net/data/2024/Mar/yesterday_20240320.CSV
2024,Mar,yesterday_20240321.CSV,http://jtimmer.digitalspacemail17.net/data/2024/Mar/yesterday_20240321.CSV
2024,Mar,yesterday_20240322.CSV,http://jtimmer.digitalspacemail17.net/data/2024/Mar/yesterday_20240322.CSV
2024,Mar,yesterday_20240323.CSV,http://jtimmer.digitalspacemail17.net/data/2024/Mar/yesterday_20240323.CSV
2024,Mar,yesterday_20240324.CSV,http://jtimmer.digitalspacemail17.net/data/2024/Mar/yesterday_20240324.CSV
2024,Mar,yesterday_20240325.CSV,http://jtimmer.digitalspacemail17.net/data/2024/Mar/yesterday_20240325.CSV
2024,Mar,yesterday_20240326.CSV,http://jtimmer.digitalspacemail17.net/data/2024/Mar/yesterday_20240326.CSV
2024,Mar,yesterday_20240327.CSV,http://jtimmer.digitalspacemail17.net/data/2024/Mar/yesterday_20240327.CSV
2024,Mar,yesterday_20240328.CSV,http://jtimmer.digitalspacemail17.net/data/2024/Mar/yesterday_20240328.CSV
2024,Mar,yesterday_20240329.CSV,http://jtimmer.digitalspacemail17.net/data/2024/Mar/yesterday_20240329.CSV
2024,Mar,yesterday_20240330.CSV,http://jtimmer.digitalspacemail17.net/data/2024/Mar/yesterday_20240330.CSV
2024,Mar,yesterday_20240331.CSV,http://jtimmer.digitalspacemail17.net/data/2024/Mar/yesterday_20240331.CSV
2024,Apr,yesterday_20240401.CSV,http://jtimmer.digitalspacemail17.net/data/2024/Mar/yesterday_20240401.CSV
2024,Apr,yesterday_20240402.CSV,http://jtimmer.digitalspacemail17.net/data/2024/Apr/yesterday_20240402.CSV
2024,Apr,yesterday_20240403.CSV,http://jtimmer.digitalspacemail17.net/data/2024/Apr/yesterday_20240403.CSV
2024,Apr,yesterday_20240404.CSV,http://jtimmer.digitalspacemail17.net/data/2024/Apr/yesterday_20240404.CSV
2024,Apr,yesterday_20240405.CSV,http://jtimmer.digitalspacemail17.net/data/2024/Apr/yesterday_20240405.CSV
2024,Apr,yesterday_20240406.CSV,http://jtimmer.digitalspacemail17.net/data/2024/Apr/yesterday_20240406.CSV
2024,Apr,yesterday_20240407.CSV,http://jtimmer.digitalspacemail17.net/data/2024/Apr/yesterday_20240407.CSV
2024,Apr,yesterday_20240408.CSV,http://jtimmer.digitalspacemail17.net/data/2024/Apr/yesterday_20240408.CSV
2024,Apr,yesterday_20240409.CSV,http://jtimmer.digitalspacemail17.net/data/2024/Apr/yesterday_20240409.CSV
2024,Apr,yesterday_20240410.CSV,http://jtimmer.digitalspacemail17.net/data/2024/Apr/yesterday_20240410.CSV
2024,Apr,yesterday_20240411.CSV,http://jtimmer.digitalspacemail17.net/data/2024/Apr/yesterday_20240411.CSV
2024,Apr,yesterday_20240412.CSV,http://jtimmer.digitalspacemail17.net/data/2024/Apr/yesterday_20240412.CSV
2024,Apr,yesterday_20240413.CSV,http://jtimmer.digitalspacemail17.net/data/2024/Apr/yesterday_20240413.CSV
2024,Apr,yesterday_20240414.CSV,http://jtimmer.digitalspacemail17.net/data/2024/Apr/yesterday_20240414.CSV
2024,Apr,yesterday_20240415.CSV,http://jtimmer.digitalspacemail17.net/data/2024/Apr/yesterday_20240415.CSV
2024,Apr,yesterday_20240416.CSV,http://jtimmer.digitalspacemail17.net/data/2024/Apr/yesterday_20240416.CSV
2024,Apr,yesterday_20240417.CSV,http://jtimmer.digitalspacemail17.net/data/2024/Apr/yesterday_20240417.CSV
2024,Apr,yesterday_20240418.CSV,http://jtimmer.digitalspacemail17.net/data/2024/Apr/yesterday_20240418.CSV
2024,Apr,yesterday_20240419.CSV,http://jtimmer.digitalspacemail17.net/data/2024/Apr/yesterday_20240419.CSV
2024,Apr,yesterday_20240420.CSV,http://jtimmer.digitalspacemail17.net/data/2024/Apr/yesterday_20240420.CSV
2024,Apr,yesterday_20240421.CSV,http://jtimmer.digitalspacemail17.net/data/2024/Apr/yesterday_20240421.CSV
2024,Apr,yesterday_20240422.CSV,http://jtimmer.digitalspacemail17.net/data/2024/Apr/yesterday_20240422.CSV
2024,Apr,yesterday_20240423.CSV,http://jtimmer.digitalspacemail17.net/data/2024/Apr/yesterday_20240423.CSV
2024,Apr,yesterday_20240424.CSV,http://jtimmer.digitalspacemail17.net/data/2024/Apr/yesterday_20240424.CSV
2024,Apr,yesterday_20240425.CSV,http://jtimmer.digitalspacemail17.net/data/2024/Apr/yesterday_20240425.CSV
2024,Apr,yesterday_20240426.CSV,http://jtimmer.digitalspacemail17.net/data/2024/Apr/yesterday_20240426.CSV
2024,Apr,yesterday_20240427.CSV,http://jtimmer.digitalspacemail17.net/data/2024/Apr/yesterday_20240427.CSV
2024,Apr,yesterday_20240428.CSV,http://jtimmer.digitalspacemail17.net/data/2024/Apr/yesterday_20240428.CSV
2024,Apr,yesterday_20240429.CSV,http://jtimmer.digitalspacemail17.net/data/2024/Apr/yesterday_20240429.CSV
2024,Apr,yesterday_20240430.CSV,http://jtimmer.digitalspacemail17.net/data/2024/Apr/yesterday_20240430.CSV
2024,May,yesterday_20240501.CSV,http://jtimmer.digitalspacemail17.net/data/2024/Apr/yesterday_20240501.CSV
2024,May,yesterday_20240502.CSV,http://jtimmer.digitalspacemail17.net/data/2024/May/yesterday_20240502.CSV
2024,May,yesterday_20240503.CSV,http://jtimmer.digitalspacemail17.net/data/2024/May/yesterday_20240503.CSV
2024,May,yesterday_20240504.CSV,http://jtimmer.digitalspacemail17.net/data/2024/May/yesterday_20240504.CSV
2024,May,yesterday_20240505.CSV,http://jtimmer.digitalspacemail17.net/data/2024/May/yesterday_20240505.CSV
2024,May,yesterday_20240506.CSV,http://jtimmer.digitalspacemail17.net/data/2024/May/yesterday_20240506.CSV
2024,May,yesterday_20240507.CSV,http://jtimmer.digitalspacemail17.net/data/2024/May/yesterday_20240507.CSV
2024,May,yesterday_20240508.CSV,http://jtimmer.digitalspacemail17.net/data/2024/May/yesterday_20240508.CSV
2024,May,yesterday_20240509.CSV,http://jtimmer.digitalspacemail17.net/data/2024/May/yesterday_20240509.CSV
2024,May,yesterday_20240510.CSV,http://jtimmer.digitalspacemail17.net/data/2024/May/yesterday_20240510.CSV
2024,May,yesterday_20240511.CSV,http://jtimmer.digitalspacemail17.net/data/2024/May/yesterday_20240511.CSV
2024,May,yesterday_20240512.CSV,http://jtimmer.digitalspacemail17.net/data/2024/May/yesterday_20240512.CSV
2024,May,yesterday_20240513.CSV,http://jtimmer.digitalspacemail17.net/data/2024/May/yesterday_20240513.CSV
2024,May,yesterday_20240514.CSV,http://jtimmer.digitalspacemail17.net/data/2024/May/yesterday_20240514.CSV
2024,May,yesterday_20240515.CSV,http://jtimmer.digitalspacemail17.net/data/2024/May/yesterday_20240515.CSV
2024,May,yesterday_20240516.CSV,http://jtimmer.digitalspacemail17.net/data/2024/May/yesterday_20240516.CSV
2024,May,yesterday_20240517.CSV,http://jtimmer.digitalspacemail17.net/data/2024/May/yesterday_20240517.CSV
2024,May,yesterday_20240518.CSV,http://jtimmer.digitalspacemail17.net/data/2024/May/yesterday_20240518.CSV
2024,May,yesterday_20240519.CSV,http://jtimmer.digitalspacemail17.net/data/2024/May/yesterday_20240519.CSV
2024,May,yesterday_20240520.CSV,http://jtimmer.digitalspacemail17.net/data/2024/May/yesterday_20240520.CSV
2024,May,yesterday_20240521.CSV,http://jtimmer.digitalspacemail17.net/data/2024/May/yesterday_20240521.CSV
2024,May,yesterday_20240522.CSV,http://jtimmer.digitalspacemail17.net/data/2024/May/yesterday_20240522.CSV
2024,May,yesterday_20240523.CSV,http://jtimmer.digitalspacemail17.net/data/2024/May/yesterday_20240523.CSV
2024,May,yesterday_20240524.CSV,http://jtimmer.digitalspacemail17.net/data/2024/May/yesterday_20240524.CSV
2024,May,yesterday_20240525.CSV,http://jtimmer.digitalspacemail17.net/data/2024/May/yesterday_20240525.CSV
2024,May,yesterday_20240526.CSV,http://jtimmer.digitalspacemail17.net/data/2024/May/yesterday_20240526.CSV
2024,May,yesterday_20240527.CSV,http://jtimmer.digitalspacemail17.net/data/2024/May/yesterday_20240527.CSV
2024,May,yesterday_20240528.CSV,http://jtimmer.digitalspacemail17.net/data/2024/May/yesterday_20240528.CSV
2024,May,yesterday_20240529.CSV,http://jtimmer.digitalspacemail17.net/data/2024/May/yesterday_20240529.CSV
2024,May,yesterday_20240530.CSV,http://jtimmer.digitalspacemail17.net/data/2024/May/yesterday_20240530.CSV
2024,May,yesterday_20240531.CSV,http://jtimmer.digitalspacemail17.net/data/2024/May/yesterday_20240531.CSV
2024,Jun,yesterday_20240601.CSV,http://jtimmer.digitalspacemail17.net/data/2024/May/yesterday_20240601.CSV
2024,Jun,yesterday_20240602.CSV,http://jtimmer.digitalspacemail17.net/data/2024/Jun/yesterday_20240602.CSV
2024,Jun,yesterday_20240603.CSV,http://jtimmer.digitalspacemail17.net/data/2024/Jun/yesterday_20240603.CSV
2024,Jun,yesterday_20240604.CSV,http://jtimmer.digitalspacemail17.net/data/2024/Jun/yesterday_20240604.CSV
2024,Jun,yesterday_20240605.CSV,http://jtimmer.digitalspacemail17.net/data/2024/Jun/yesterday_20240605.CSV
2024,Jun,yesterday_20240606.CSV,http://jtimmer.digitalspacemail17.net/data/2024/Jun/yesterday_20240606.CSV
2024,Jun,yesterday_20240607.CSV,http://jtimmer.digitalspacemail17.net/data/2024/Jun/yesterday_20240607.CSV
2024,Jun,yesterday_20240608.CSV,http://jtimmer.digitalspacemail17.net/data/2024/Jun/yesterday_20240608.CSV
2024,Jun,yesterday_20240609.CSV,http://jtimmer.digitalspacemail17.net/data/2024/Jun/yesterday_20240609.CSV
2024,Jun,yesterday_20240610.CSV,http://jtimmer.digitalspacemail17.net/data/2024/Jun/yesterday_20240610.CSV
2024,Jun,yesterday_20240611.CSV,http://jtimmer.digitalspacemail17.net/data/2024/Jun/yesterday_20240611.CSV
2024,Jun,yesterday_20240612.CSV,http://jtimmer.digitalspacemail17.net/data/2024/Jun/yesterday_20240612.CSV
2024,Jun,yesterday_20240613.CSV,http://jtimmer.digitalspacemail17.net/data/2024/Jun/yesterday_20240613.CSV
2024,Jun,yesterday_20240614.CSV,http://jtimmer.digitalspacemail17.net/data/2024/Jun/yesterday_20240614.CSV
2024,Jun,yesterday_20240615.CSV,http://jtimmer.digitalspacemail17.net/data/2024/Jun/yesterday_20240615.CSV
2024,Jun,yesterday_20240616.CSV,http://jtimmer.digitalspacemail17.net/data/2024/Jun/yesterday_20240616.CSV
2024,Jun,yesterday_20240617.CSV,http://jtimmer.digitalspacemail17.net/data/2024/Jun/yesterday_20240617.CSV
2024,Jun,yesterday_20240618.CSV,http://jtimmer.digitalspacemail17.net/data/2024/Jun/yesterday_20240618.CSV
2024,Jun,yesterday_20240619.CSV,http://jtimmer.digitalspacemail17.net/data/2024/Jun/yesterday_20240619.CSV
2024,Jun,yesterday_20240620.CSV,http://jtimmer.digitalspacemail17.net/data/2024/Jun/yesterday_20240620.CSV
2024,Jun,yesterday_20240621.CSV,http://jtimmer.digitalspacemail17.net/data/2024/Jun/yesterday_20240621.CSV
2024,Jun,yesterday_20240622.CSV,http://jtimmer.digitalspacemail17.net/data/2024/Jun/yesterday_20240622.CSV
2024,Jun,yesterday_20240623.CSV,http://jtimmer.digitalspacemail17.net/data/2024/Jun/yesterday_20240623.CSV
2024,Jun,yesterday_20240624.CSV,http://jtimmer.digitalspacemail17.net/data/2024/Jun/yesterday_20240624.CSV
2024,Jun,yesterday_20240625.CSV,http://jtimmer.digitalspacemail17.net/data/2024/Jun/yesterday_20240625.CSV
2024,Jun,yesterday_20240626.CSV,http://jtimmer.digitalspacemail17.net/data/2024/Jun/yesterday_20240626.CSV
2024,Jun,yesterday_20240627.CSV,http://jtimmer.digitalspacemail17.net/data/2024/Jun/yesterday_20240627.CSV
2024,Jun,yesterday_20240628.CSV,http://jtimmer.digitalspacemail17.net/data/2024/Jun/yesterday_20240628.CSV
2024,Jun,yesterday_20240629.CSV,http://jtimmer.digitalspacemail17.net/data/2024/Jun/yesterday_20240629.CSV
2024,Jun,yesterday_20240630.CSV,http://jtimmer.digitalspacemail17.net/data/2024/Jun/yesterday_20240630.CSV
2024,Jul,yesterday_20240701.CSV,http://jtimmer.digitalspacemail17.net/data/2024/Jun/yesterday_20240701.CSV
2024,Jul,yesterday_20240702.CSV,http://jtimmer.digitalspacemail17.net/data/2024/Jul/yesterday_20240702.CSV
2024,Jul,yesterday_20240703.CSV,http://jtimmer.digitalspacemail17.net/data/2024/Jul/yesterday_20240703.CSV
2024,Jul,yesterday_20240704.CSV,http://jtimmer.digitalspacemail17.net/data/2024/Jul/yesterday_20240704.CSV
2024,Jul,yesterday_20240705.CSV,http://jtimmer.digitalspacemail17.net/data/2024/Jul/yesterday_20240705.CSV
2024,Jul,yesterday_20240706.CSV,http://jtimmer.digitalspacemail17.net/data/2024/Jul/yesterday_20240706.CSV
2024,Jul,yesterday_20240707.CSV,http://jtimmer.digitalspacemail17.net/data/2024/Jul/yesterday_20240707.CSV
2024,Jul,yesterday_20240708.CSV,http://jtimmer.digitalspacemail17.net/data/2024/Jul/yesterday_20240708.CSV
2024,Jul,yesterday_20240709.CSV,http://jtimmer.digitalspacemail17.net/data/2024/Jul/yesterday_20240709.CSV
2024,Jul,yesterday_20240710.CSV,http://jtimmer.digitalspacemail17.net/data/2024/Jul/yesterday_20240710.CSV
2024,Jul,yesterday_20240711.CSV,http://jtimmer.digitalspacemail17.net/data/2024/Jul/yesterday_20240711.CSV
2024,Jul,yesterday_20240712.CSV,http://jtimmer.digitalspacemail17.net/data/2024/Jul/yesterday_20240712.CSV
2024,Jul,yesterday_20240713.CSV,http://jtimmer.digitalspacemail17.net/data/2024/Jul/yesterday_20240713.CSV
2024,Jul,yesterday_20240714.CSV,http://jtimmer.digitalspacemail17.net/data/2024/Jul/yesterday_20240714.CSV
2024,Jul,yesterday_20240715.CSV,http://jtimmer.digitalspacemail17.net/data/2024/Jul/yesterday_20240715.CSV
2024,Jul,yesterday_20240716.CSV,http://jtimmer.digitalspacemail17.net/data/2024/Jul/yesterday_20240716.CSV
2024,Jul,yesterday_20240717.CSV,http://jtimmer.digitalspacemail17.net/data/2024/Jul/yesterday_20240717.CSV
2024,Jul,yesterday_20240718.CSV,http://jtimmer.digitalspacemail17.net/data/2024/Jul/yesterday_20240718.CSV
2024,Jul,yesterday_20240719.CSV,http://jtimmer.digitalspacemail17.net/data/2024/Jul/yesterday_20240719.CSV
2024,Jul,yesterday_20240720.CSV,http://jtimmer.digitalspacemail17.net/data/2024/Jul/yesterday_20240720.CSV
2024,Jul,yesterday_20240721.CSV,http://jtimmer.digitalspacemail17.net/data/2024/Jul/yesterday_20240721.CSV
2024,Jul,yesterday_20240722.CSV,http://jtimmer.digitalspacemail17.net/data/2024/Jul/yesterday_20240722.CSV
2024,Jul,yesterday_20240723.CSV,http://jtimmer.digitalspacemail17.net/data/2024/Jul/yesterday_20240723.CSV
2024,Jul,yesterday_20240724.CSV,http://jtimmer.digitalspacemail17.net/data/2024/Jul/yesterday_20240724.CSV
2024,Jul,yesterday_20240725.CSV,http://jtimmer.digitalspacemail17.net/data/2024/Jul/yesterday_20240725.CSV
2024,Jul,yesterday_20240726.CSV,http://jtimmer.digitalspacemail17.net/data/2024/Jul/yesterday_20240726.CSV
2024,Jul,yesterday_20240727.CSV,http://jtimmer.digitalspacemail17.net/data/2024/Jul/yesterday_20240727.CSV
2024,Jul,yesterday_20240728.CSV,http://jtimmer.digitalspacemail17.net/data/2024/Jul/yesterday_20240728.CSV
2024,Jul,yesterday_20240729.CSV,http://jtimmer.digitalspacemail17.net/data/2024/Jul/yesterday_20240729.CSV
2024,Jul,yesterday_20240730.CSV,http://jtimmer.digitalspacemail17.net/data/2024/Jul/yesterday_20240730.CSV
2024,Jul,yesterday_20240731.CSV,http://jtimmer.digitalspacemail17.net/data/2024/Jul/yesterday_20240731.CSV
2024,Aug,yesterday_20240801.CSV,http://jtimmer.digitalspacemail17.net/data/2024/Jul/yesterday_20240801.CSV
2024,Aug,yesterday_20240802.CSV,http://jtimmer.digitalspacemail17.net/data/2024/Aug/yesterday_20240802.CSV
2024,Aug,yesterday_20240803.CSV,http://jtimmer.digitalspacemail17.net/data/2024/Aug/yesterday_20240803.CSV
2024,Aug,yesterday_20240804.CSV,http://jtimmer.digitalspacemail17.net/data/2024/Aug/yesterday_20240804.CSV
2024,Aug,yesterday_20240805.CSV,http://jtimmer.digitalspacemail17.net/data/2024/Aug/yesterday_20240805.CSV
2024,Aug,yesterday_20240806.CSV,http://jtimmer.digitalspacemail17.net/data/2024/Aug/yesterday_20240806.CSV
2024,Aug,yesterday_20240807.CSV,http://jtimmer.digitalspacemail17.net/data/2024/Aug/yesterday_20240807.CSV
2024,Aug,yesterday_20240808.CSV,http://jtimmer.digitalspacemail17.net/data/2024/Aug/yesterday_20240808.CSV
2024,Aug,yesterday_20240809.CSV,http://jtimmer.digitalspacemail17.net/data/2024/Aug/yesterday_20240809.CSV
2024,Aug,yesterday_20240810.CSV,http://jtimmer.digitalspacemail17.net/data/2024/Aug/yesterday_20240810.CSV
2024,Aug,yesterday_20240811.CSV,http://jtimmer.digitalspacemail17.net/data/2024/Aug/yesterday_20240811.CSV
2024,Aug,yesterday_20240812.CSV,http://jtimmer.digitalspacemail17.net/data/2024/Aug/yesterday_20240812.CSV
2024,Aug,yesterday_20240813.CSV,http://jtimmer.digitalspacemail17.net/data/2024/Aug/yesterday_20240813.CSV
2024,Aug,yesterday_20240814.CSV,http://jtimmer.digitalspacemail17.net/data/2024/Aug/yesterday_20240814.CSV
2024,Aug,yesterday_20240815.CSV,http://jtimmer.digitalspacemail17.net/data/2024/Aug/yesterday_20240815.CSV
2024,Aug,yesterday_20240816.CSV,http://jtimmer.digitalspacemail17.net/data/2024/Aug/yesterday_20240816.CSV
2024,Aug,yesterday_20240817.CSV,http://jtimmer.digitalspacemail17.net/data/2024/Aug/yesterday_20240817.CSV
2024,Aug,yesterday_20240818.CSV,http://jtimmer.digitalspacemail17.net/data/2024/Aug/yesterday_20240818.CSV
2024,Aug,yesterday_20240819.CSV,http://jtimmer.digitalspacemail17.net/data/2024/Aug/yesterday_20240819.CSV
2024,Aug,yesterday_20240820.CSV,http://jtimmer.digitalspacemail17.net/data/2024/Aug/yesterday_20240820.CSV
2024,Aug,yesterday_20240821.CSV,http://jtimmer.digitalspacemail17.net/data/2024/Aug/yesterday_20240821.CSV
2024,Aug,yesterday_20240822.CSV,http://jtimmer.digitalspacemail17.net/data/2024/Aug/yesterday_20240822.CSV
2024,Aug,yesterday_20240823.CSV,http://jtimmer.digitalspacemail17.net/data/2024/Aug/yesterday_20240823.CSV
2024,Aug,yesterday_20240824.CSV,http://jtimmer.digitalspacemail17.net/data/2024/Aug/yesterday_20240824.CSV
2024,Aug,yesterday_20240825.CSV,http://jtimmer.digitalspacemail17.net/data/2024/Aug/yesterday_20240825.CSV
2024,Aug,yesterday_20240826.CSV,http://jtimmer.digitalspacemail17.net/data/2024/Aug/yesterday_20240826.CSV
2024,Aug,yesterday_20240827.CSV,http://jtimmer.digitalspacemail17.net/data/2024/Aug/yesterday_20240827.CSV
2024,Aug,yesterday_20240828.CSV,http://jtimmer.digitalspacemail17.net/data/2024/Aug/yesterday_20240828.CSV
2024,Aug,yesterday_20240829.CSV,http://jtimmer.digitalspacemail17.net/data/2024/Aug/yesterday_20240829.CSV
2024,Aug,yesterday_20240830.CSV,http://jtimmer.digitalspacemail17.net/data/2024/Aug/yesterday_20240830.CSV
2024,Aug,yesterday_20240831.CSV,http://jtimmer.digitalspacemail17.net/data/2024/Aug/yesterday_20240831.CSV
2024,Sep,yesterday_20240901.CSV,http://jtimmer.digitalspacemail17.net/data/2024/Aug/yesterday_20240901.CSV
2024,Sep,yesterday_20240902.CSV,http://jtimmer.digitalspacemail17.net/data/2024/Sep/yesterday_20240902.CSV
2024,Sep,yesterday_20240903.CSV,http://jtimmer.digitalspacemail17.net/data/2024/Sep/yesterday_20240903.CSV
2024,Sep,yesterday_20240904.CSV,http://jtimmer.digitalspacemail17.net/data/2024/Sep/yesterday_20240904.CSV
2024,Sep,yesterday_20240905.CSV,http://jtimmer.digitalspacemail17.net/data/2024/Sep/yesterday_20240905.CSV
2024,Sep,yesterday_20240906.CSV,http://jtimmer.digitalspacemail17.net/data/2024/Sep/yesterday_20240906.CSV
2024,Sep,yesterday_20240907.CSV,http://jtimmer.digitalspacemail17.net/data/2024/Sep/yesterday_20240907.CSV
2024,Sep,yesterday_20240908.CSV,http://jtimmer.digitalspacemail17.net/data/2024/Sep/yesterday_20240908.CSV
2024,Sep,yesterday_20240909.CSV,http://jtimmer.digitalspacemail17.net/data/2024/Sep/yesterday_20240909.CSV
2024,Sep,yesterday_20240910.CSV,http://jtimmer.digitalspacemail17.net/data/2024/Sep/yesterday_20240910.CSV
2024,Sep,yesterday_20240911.CSV,http://jtimmer.digitalspacemail17.net/data/2024/Sep/yesterday_20240911.CSV
2024,Sep,yesterday_20240912.CSV,http://jtimmer.digitalspacemail17.net/data/2024/Sep/yesterday_20240912.CSV
2024,Sep,yesterday_20240913.CSV,http://jtimmer.digitalspacemail17.net/data/2024/Sep/yesterday_20240913.CSV
2024,Sep,yesterday_20240914.CSV,http://jtimmer.digitalspacemail17.net/data/2024/Sep/yesterday_20240914.CSV
2024,Sep,yesterday_20240915.CSV,http://jtimmer.digitalspacemail17.net/data/2024/Sep/yesterday_20240915.CSV
2024,Sep,yesterday_20240916.CSV,http://jtimmer.digitalspacemail17.net/data/2024/Sep/yesterday_20240916.CSV
2024,Sep,yesterday_20240917.CSV,http://jtimmer.digitalspacemail17.net/data/2024/Sep/yesterday_20240917.CSV
2024,Sep,yesterday_20240918.CSV,http://jtimmer.digitalspacemail17.net/data/2024/Sep/yesterday_20240918.CSV
2024,Sep,yesterday_20240919.CSV,http://jtimmer.digitalspacemail17.net/data/2024/Sep/yesterday_20240919.CSV
2024,Sep,yesterday_20240920.CSV,http://jtimmer.digitalspacemail17.net/data/2024/Sep/yesterday_20240920.CSV
2024,Sep,yesterday_20240921.CSV,http://jtimmer.digitalspacemail17.net/data/2024/Sep/yesterday_20240921.CSV
2024,Sep,yesterday_20240922.CSV,http://jtimmer.digitalspacemail17.net/data/2024/Sep/yesterday_20240922.CSV
2024,Sep,yesterday_20240923.CSV,http://jtimmer.digitalspacemail17.net/data/2024/Sep/yesterday_20240923.CSV
2024,Sep,yesterday_20240924.CSV,http://jtimmer.digitalspacemail17.net/data/2024/Sep/yesterday_20240924.CSV
2024,Sep,yesterday_20240925.CSV,http://jtimmer.digitalspacemail17.net/data/2024/Sep/yesterday_20240925.CSV
2024,Sep,yesterday_20240926.CSV,http://jtimmer.digitalspacemail17.net/data/2024/Sep/yesterday_20240926.CSV
2024,Sep,yesterday_20240927.CSV,http://jtimmer.digitalspacemail17.net/data/2024/Sep/yesterday_20240927.CSV
2024,Sep,yesterday_20240928.CSV,http://jtimmer.digitalspacemail17.net/data/2024/Sep/yesterday_20240928.CSV
2024,Sep,yesterday_20240929.CSV,http://jtimmer.digitalspacemail17.net/data/2024/Sep/yesterday_20240929.CSV
2024,Sep,yesterday_20240930.CSV,http://jtimmer.digitalspacemail17.net/data/2024/Sep/yesterday_20240930.CSV
2024,Oct,yesterday_20241001.CSV,http://jtimmer.digitalspacemail17.net/data/2024/Sep/yesterday_20241001.CSV
2024,Oct,yesterday_20241002.CSV,http://jtimmer.digitalspacemail17.net/data/2024/Oct/yesterday_20241002.CSV
2024,Oct,yesterday_20241003.CSV,http://jtimmer.digitalspacemail17.net/data/2024/Oct/yesterday_20241003.CSV
2024,Oct,yesterday_20241004.CSV,http://jtimmer.digitalspacemail17.net/data/2024/Oct/yesterday_20241004.CSV
2024,Oct,yesterday_20241005.CSV,http://jtimmer.digitalspacemail17.net/data/2024/Oct/yesterday_20241005.CSV
2024,Oct,yesterday_20241006.CSV,http://jtimmer.digitalspacemail17.net/data/2024/Oct/yesterday_20241006.CSV
2024,Oct,yesterday_20241007.CSV,http://jtimmer.digitalspacemail17.net/data/2024/Oct/yesterday_20241007.CSV
2024,Oct,yesterday_20241008.CSV,http://jtimmer.digitalspacemail17.net/data/2024/Oct/yesterday_20241008.CSV
2024,Oct,yesterday_20241009.CSV,http://jtimmer.digitalspacemail17.net/data/2024/Oct/yesterday_20241009.CSV
2024,Oct,yesterday_20241010.CSV,http://jtimmer.digitalspacemail17.net/data/2024/Oct/yesterday_20241010.CSV
2024,Oct,yesterday_20241011.CSV,http://jtimmer.digitalspacemail17.net/data/2024/Oct/yesterday_20241011.CSV
2024,Oct,yesterday_20241012.CSV,http://jtimmer.digitalspacemail17.net/data/2024/Oct/yesterday_20241012.CSV
2024,Oct,yesterday_20241013.CSV,http://jtimmer.digitalspacemail17.net/data/2024/Oct/yesterday_20241013.CSV
2024,Oct,yesterday_20241014.CSV,http://jtimmer.digitalspacemail17.net/data/2024/Oct/yesterday_20241014.CSV
2024,Oct,yesterday_20241015.CSV,http://jtimmer.digitalspacemail17.net/data/2024/Oct/yesterday_20241015.CSV
2024,Oct,yesterday_20241016.CSV,http://jtimmer.digitalspacemail17.net/data/2024/Oct/yesterday_20241016.CSV
2024,Oct,yesterday_20241017.CSV,http://jtimmer.digitalspacemail17.net/data/2024/Oct/yesterday_20241017.CSV
2024,Oct,yesterday_20241018.CSV,http://jtimmer.digitalspacemail17.net/data/2024/Oct/yesterday_20241018.CSV
2024,Oct,yesterday_20241019.CSV,http://jtimmer.digitalspacemail17.net/data/2024/Oct/yesterday_20241019.CSV
2024,Oct,yesterday_20241020.CSV,http://jtimmer.digitalspacemail17.net/data/2024/Oct/yesterday_20241020.CSV
2024,Oct,yesterday_20241021.CSV,http://jtimmer.digitalspacemail17.net/data/2024/Oct/yesterday_20241021.CSV
2024,Oct,yesterday_20241022.CSV,http://jtimmer.digitalspacemail17.net/data/2024/Oct/yesterday_20241022.CSV
2024,Oct,yesterday_20241023.CSV,http://jtimmer.digitalspacemail17.net/data/2024/Oct/yesterday_20241023.CSV
2024,Oct,yesterday_20241024.CSV,http://jtimmer.digitalspacemail17.net/data/2024/Oct/yesterday_20241024.CSV
2024,Oct,yesterday_20241025.CSV,http://jtimmer.digitalspacemail17.net/data/2024/Oct/yesterday_20241025.CSV
2024,Oct,yesterday_20241026.CSV,http://jtimmer.digitalspacemail17.net/data/2024/Oct/yesterday_20241026.CSV
2024,Oct,yesterday_20241027.CSV,http://jtimmer.digitalspacemail17.net/data/2024/Oct/yesterday_20241027.CSV
2024,Oct,yesterday_20241028.CSV,http://jtimmer.digitalspacemail17.net/data/2024/Oct/yesterday_20241028.CSV
2024,Oct,yesterday_20241029.CSV,http://jtimmer.digitalspacemail17.net/data/2024/Oct/yesterday_20241029.CSV
2024,Oct,yesterday_20241030.CSV,http://jtimmer.digitalspacemail17.net/data/2024/Oct/yesterday_20241030.CSV
2024,Oct,yesterday_20241031.CSV,http://jtimmer.digitalspacemail17.net/data/2024/Oct/yesterday_20241031.CSV
2024,Nov,yesterday_20241101.CSV,http://jtimmer.digitalspacemail17.net/data/2024/Oct/yesterday_20241101.CSV
2024,Nov,yesterday_20241102.CSV,http://jtimmer.digitalspacemail17.net/data/2024/Nov/yesterday_20241102.CSV
2024,Nov,yesterday_20241103.CSV,http://jtimmer.digitalspacemail17.net/data/2024/Nov/yesterday_20241103.CSV
2024,Nov,yesterday_20241104.CSV,http://jtimmer.digitalspacemail17.net/data/2024/Nov/yesterday_20241104.CSV
2024,Nov,yesterday_20241105.CSV,http://jtimmer.digitalspacemail17.net/data/2024/Nov/yesterday_20241105.CSV
2024,Nov,yesterday_20241106.CSV,http://jtimmer.digitalspacemail17.net/data/2024/Nov/yesterday_20241106.CSV
2024,Nov,yesterday_20241107.CSV,http://jtimmer.digitalspacemail17.net/data/2024/Nov/yesterday_20241107.CSV
2024,Nov,yesterday_20241108.CSV,http://jtimmer.digitalspacemail17.net/data/2024/Nov/yesterday_20241108.CSV
2024,Nov,yesterday_20241109.CSV,http://jtimmer.digitalspacemail17.net/data/2024/Nov/yesterday_20241109.CSV
2024,Nov,yesterday_20241110.CSV,http://jtimmer.digitalspacemail17.net/data/2024/Nov/yesterday_20241110.CSV
2024,Nov,yesterday_20241111.CSV,http://jtimmer.digitalspacemail17.net/data/2024/Nov/yesterday_20241111.CSV
2024,Nov,yesterday_20241112.CSV,http://jtimmer.digitalspacemail17.net/data/2024/Nov/yesterday_20241112.CSV
2024,Nov,yesterday_20241113.CSV,http://jtimmer.digitalspacemail17.net/data/2024/Nov/yesterday_20241113.CSV
2024,Nov,yesterday_20241114.CSV,http://jtimmer.digitalspacemail17.net/data/2024/Nov/yesterday_20241114.CSV
2024,Nov,yesterday_20241115.CSV,http://jtimmer.digitalspacemail17.net/data/2024/Nov/yesterday_20241115.CSV
2024,Nov,yesterday_20241116.CSV,http://jtimmer.digitalspacemail17.net/data/2024/Nov/yesterday_20241116.CSV
2024,Nov,yesterday_20241117.CSV,http://jtimmer.digitalspacemail17.net/data/2024/Nov/yesterday_20241117.CSV
2024,Nov,yesterday_20241118.CSV,http://jtimmer.digitalspacemail17.net/data/2024/Nov/yesterday_20241118.CSV
2024,Nov,yesterday_20241119.CSV,http://jtimmer.digitalspacemail17.net/data/2024/Nov/yesterday_20241119.CSV
2024,Nov,yesterday_20241120.CSV,http://jtimmer.digitalspacemail17.net/data/2024/Nov/yesterday_20241120.CSV
2024,Nov,yesterday_20241121.CSV,http://jtimmer.digitalspacemail17.net/data/2024/Nov/yesterday_20241121.CSV
2024,Nov,yesterday_20241122.CSV,http://jtimmer.digitalspacemail17.net/data/2024/Nov/yesterday_20241122.CSV
2024,Nov,yesterday_20241123.CSV,http://jtimmer.digitalspacemail17.net/data/2024/Nov/yesterday_20241123.CSV
2024,Nov,yesterday_20241124.CSV,http://jtimmer.digitalspacemail17.net/data/2024/Nov/yesterday_20241124.CSV
2024,Nov,yesterday_20241125.CSV,http://jtimmer.digitalspacemail17.net/data/2024/Nov/yesterday_20241125.CSV
2024,Nov,yesterday_20241126.CSV,http://jtimmer.digitalspacemail17.net/data/2024/Nov/yesterday_20241126.CSV
2024,Nov,yesterday_20241127.CSV,http://jtimmer.digitalspacemail17.net/data/2024/Nov/yesterday_20241127.CSV
2024,Nov,yesterday_20241128.CSV,http://jtimmer.digitalspacemail17.net/data/2024/Nov/yesterday_20241128.CSV
2024,Nov,yesterday_20241129.CSV,http://jtimmer.digitalspacemail17.net/data/2024/Nov/yesterday_20241129.CSV
2024,Nov,yesterday_20241130.CSV,http://jtimmer.digitalspacemail17.net/data/2024/Nov/yesterday_20241130.CSV
2024,Dec,yesterday_20241201.CSV,http://jtimmer.digitalspacemail17.net/data/2024/Nov/yesterday_20241201.CSV
2024,Dec,yesterday_20241202.CSV,http://jtimmer.digitalspacemail17.net/data/2024/Dec/yesterday_20241202.CSV
2024,Dec,yesterday_20241203.CSV,http://jtimmer.digitalspacemail17.net/data/2024/Dec/yesterday_20241203.CSV
2024,Dec,yesterday_20241204.CSV,http://jtimmer.digitalspacemail17.net/data/2024/Dec/yesterday_20241204.CSV
2024,Dec,yesterday_20241205.CSV,http://jtimmer.digitalspacemail17.net/data/2024/Dec/yesterday_20241205.CSV
2024,Dec,yesterday_20241206.CSV,http://jtimmer.digitalspacemail17.net/data/2024/Dec/yesterday_20241206.CSV
2024,Dec,yesterday_20241207.CSV,http://jtimmer.digitalspacemail17.net/data/2024/Dec/yesterday_20241207.CSV
2024,Dec,yesterday_20241208.CSV,http://jtimmer.digitalspacemail17.net/data/2024/Dec/yesterday_20241208.CSV
2024,Dec,yesterday_20241209.CSV,http://jtimmer.digitalspacemail17.net/data/2024/Dec/yesterday_20241209.CSV
2024,Dec,yesterday_20241210.CSV,http://jtimmer.digitalspacemail17.net/data/2024/Dec/yesterday_20241210.CSV
2024,Dec,yesterday_20241211.CSV,http://jtimmer.digitalspacemail17.net/data/2024/Dec/yesterday_20241211.CSV
2024,Dec,yesterday_20241212.CSV,http://jtimmer.digitalspacemail17.net/data/2024/Dec/yesterday_20241212.CSV
2024,Dec,yesterday_20241213.CSV,http://jtimmer.digitalspacemail17.net/data/2024/Dec/yesterday_20241213.CSV
2024,Dec,yesterday_20241214.CSV,http://jtimmer.digitalspacemail17.net/data/2024/Dec/yesterday_20241214.CSV
2024,Dec,yesterday_20241215.CSV,http://jtimmer.digitalspacemail17.net/data/2024/Dec/yesterday_20241215.CSV
2024,Dec,yesterday_20241216.CSV,http://jtimmer.digitalspacemail17.net/data/2024/Dec/yesterday_20241216.CSV
2024,Dec,yesterday_20241217.CSV,http://jtimmer.digitalspacemail17.net/data/2024/Dec/yesterday_20241217.CSV
2024,Dec,yesterday_20241218.CSV,http://jtimmer.digitalspacemail17.net/data/2024/Dec/yesterday_20241218.CSV
2024,Dec,yesterday_20241219.CSV,http://jtimmer.digitalspacemail17.net/data/2024/Dec/yesterday_20241219.CSV
2024,Dec,yesterday_20241220.CSV,http://jtimmer.digitalspacemail17.net/data/2024/Dec/yesterday_20241220.CSV
2024,Dec,yesterday_20241221.CSV,http://jtimmer.digitalspacemail17.net/data/2024/Dec/yesterday_20241221.CSV
2024,Dec,yesterday_20241222.CSV,http://jtimmer.digitalspacemail17.net/data/2024/Dec/yesterday_20241222.CSV
2024,Dec,yesterday_20241223.CSV,http://jtimmer.digitalspacemail17.net/data/2024/Dec/yesterday_20241223.CSV
2024,Dec,yesterday_20241224.CSV,http://jtimmer.digitalspacemail17.net/data/2024/Dec/yesterday_20241224.CSV
2024,Dec,yesterday_20241225.CSV,http://jtimmer.digitalspacemail17.net/data/2024/Dec/yesterday_20241225.CSV
2024,Dec,yesterday_20241226.CSV,http://jtimmer.digitalspacemail17.net/data/2024/Dec/yesterday_20241226.CSV
2024,Dec,yesterday_20241227.CSV,http://jtimmer.digitalspacemail17.net/data/2024/Dec/yesterday_20241227.CSV
2024,Dec,yesterday_20241228.CSV,http://jtimmer.digitalspacemail17.net/data/2024/Dec/yesterday_20241228.CSV
2024,Dec,yesterday_20241229.CSV,http://jtimmer.digitalspacemail17.net/data/2024/Dec/yesterday_20241229.CSV
2024,Dec,yesterday_20241230.CSV,http://jtimmer.digitalspacemail17.net/data/2024/Dec/yesterday_20241230.CSV
2024,Dec,yesterday_20241231.CSV,http://jtimmer.digitalspacemail17.net/data/2024/Dec/yesterday_20241231.CSV
2025,Jan,yesterday_20250101.CSV,http://jtimmer.digitalspacemail17.net/data/2024/Dec/yesterday_20250101.CSV
2025,Jan,yesterday_20250102.CSV,http://jtimmer.digitalspacemail17.net/data/2025/Jan/yesterday_20250102.CSV
2025,Jan,yesterday_20250103.CSV,http://jtimmer.digitalspacemail17.net/data/2025/Jan/yesterday_20250103.CSV
2025,Jan,yesterday_20250104.CSV,http://jtimmer.digitalspacemail17.net/data/2025/Jan/yesterday_20250104.CSV
2025,Jan,yesterday_20250105.CSV,http://jtimmer.digitalspacemail17.net/data/2025/Jan/yesterday_20250105.CSV
2025,Jan,yesterday_20250106.CSV,http://jtimmer.digitalspacemail17.net/data/2025/Jan/yesterday_20250106.CSV
2025,Jan,yesterday_20250107.CSV,http://jtimmer.digitalspacemail17.net/data/2025/Jan/yesterday_20250107.CSV
2025,Jan,yesterday_20250108.CSV,http://jtimmer.digitalspacemail17.net/data/2025/Jan/yesterday_20250108.CSV
2025,Jan,yesterday_20250109.CSV,http://jtimmer.digitalspacemail17.net/data/2025/Jan/yesterday_20250109.CSV
2025,Jan,yesterday_20250110.CSV,http://jtimmer.digitalspacemail17.net/data/2025/Jan/yesterday_20250110.CSV
2025,Jan,yesterday_20250111.CSV,http://jtimmer.digitalspacemail17.net/data/2025/Jan/yesterday_20250111.CSV
2025,Jan,yesterday_20250112.CSV,http://jtimmer.digitalspacemail17.net/data/2025/Jan/yesterday_20250112.CSV
2025,Jan,yesterday_20250113.CSV,http://jtimmer.digitalspacemail17.net/data/2025/Jan/yesterday_20250113.CSV
2025,Jan,yesterday_20250114.CSV,http://jtimmer.digitalspacemail17.net/data/2025/Jan/yesterday_20250114.CSV
2025,Jan,yesterday_20250115.CSV,http://jtimmer.digitalspacemail17.net/data/2025/Jan/yesterday_20250115.CSV
2025,Jan,yesterday_20250116.CSV,http://jtimmer.digitalspacemail17.net/data/2025/Jan/yesterday_20250116.CSV
2025,Jan,yesterday_20250117.CSV,http://jtimmer.digitalspacemail17.net/data/2025/Jan/yesterday_20250117.CSV
2025,Jan,yesterday_20250118.CSV,http://jtimmer.digitalspacemail17.net/data/2025/Jan/yesterday_20250118.CSV
2025,Jan,yesterday_20250119.CSV,http://jtimmer.digitalspacemail17.net/data/2025/Jan/yesterday_20250119.CSV
2025,Jan,yesterday_20250120.CSV,http://jtimmer.digitalspacemail17.net/data/2025/Jan/yesterday_20250120.CSV
2025,Jan,yesterday_20250121.CSV,http://jtimmer.digitalspacemail17.net/data/2025/Jan/yesterday_20250121.CSV
2025,Jan,yesterday_20250122.CSV,http://jtimmer.digitalspacemail17.net/data/2025/Jan/yesterday_20250122.CSV
2025,Jan,yesterday_20250123.CSV,http://jtimmer.digitalspacemail17.net/data/2025/Jan/yesterday_20250123.CSV
2025,Jan,yesterday_20250124.CSV,http://jtimmer.digitalspacemail17.net/data/2025/Jan/yesterday_20250124.CSV
2025,Jan,yesterday_20250125.CSV,http://jtimmer.digitalspacemail17.net/data/2025/Jan/yesterday_20250125.CSV
2025,Jan,yesterday_20250126.CSV,http://jtimmer.digitalspacemail17.net/data/2025/Jan/yesterday_20250126.CSV
2025,Jan,yesterday_20250127.CSV,http://jtimmer.digitalspacemail17.net/data/2025/Jan/yesterday_20250127.CSV
2025,Jan,yesterday_20250128.CSV,http://jtimmer.digitalspacemail17.net/data/2025/Jan/yesterday_20250128.CSV
2025,Jan,yesterday_20250129.CSV,http://jtimmer.digitalspacemail17.net/data/2025/Jan/yesterday_20250129.CSV
2025,Jan,yesterday_20250130.CSV,http://jtimmer.digitalspacemail17.net/data/2025/Jan/yesterday_20250130.CSV
2025,Jan,yesterday_20250131.CSV,http://jtimmer.digitalspacemail17.net/data/2025/Jan/yesterday_20250131.CSV
2025,Feb,yesterday_20250201.CSV,http://jtimmer.digitalspacemail17.net/data/2025/Jan/yesterday_20250201.CSV
2025,Feb,yesterday_20250202.CSV,http://jtimmer.digitalspacemail17.net/data/2025/Feb/yesterday_20250202.CSV
2025,Feb,yesterday_20250203.CSV,http://jtimmer.digitalspacemail17.net/data/2025/Feb/yesterday_20250203.CSV
2025,Feb,yesterday_20250204.CSV,http://jtimmer.digitalspacemail17.net/data/2025/Feb/yesterday_20250204.CSV
2025,Feb,yesterday_20250205.CSV,http://jtimmer.digitalspacemail17.net/data/2025/Feb/yesterday_20250205.CSV
2025,Feb,yesterday_20250206.CSV,http://jtimmer.digitalspacemail17.net/data/2025/Feb/yesterday_20250206.CSV
2025,Feb,yesterday_20250207.CSV,http://jtimmer.digitalspacemail17.net/data/2025/Feb/yesterday_20250207.CSV
2025,Feb,yesterday_20250208.CSV,http://jtimmer.digitalspacemail17.net/data/2025/Feb/yesterday_20250208.CSV
2025,Feb,yesterday_20250209.CSV,http://jtimmer.digitalspacemail17.net/data/2025/Feb/yesterday_20250209.CSV
2025,Feb,yesterday_20250210.CSV,http://jtimmer.digitalspacemail17.net/data/2025/Feb/yesterday_20250210.CSV
2025,Feb,yesterday_20250211.CSV,http://jtimmer.digitalspacemail17.net/data/2025/Feb/yesterday_20250211.CSV
2025,Feb,yesterday_20250212.CSV,http://jtimmer.digitalspacemail17.net/data/2025/Feb/yesterday_20250212.CSV
2025,Feb,yesterday_20250213.CSV,http://jtimmer.digitalspacemail17.net/data/2025/Feb/yesterday_20250213.CSV
2025,Feb,yesterday_20250214.CSV,http://jtimmer.digitalspacemail17.net/data/2025/Feb/yesterday_20250214.CSV
2025,Feb,yesterday_20250215.CSV,http://jtimmer.digitalspacemail17.net/data/2025/Feb/yesterday_20250215.CSV
2025,Feb,yesterday_20250216.CSV,http://jtimmer.digitalspacemail17.net/data/2025/Feb/yesterday_20250216.CSV
2025,Feb,yesterday_20250217.CSV,http://jtimmer.digitalspacemail17.net/data/2025/Feb/yesterday_20250217.CSV
2025,Feb,yesterday_20250218.CSV,http://jtimmer.digitalspacemail17.net/data/2025/Feb/yesterday_20250218.CSV
2025,Feb,yesterday_20250219.CSV,http://jtimmer.digitalspacemail17.net/data/2025/Feb/yesterday_20250219.CSV
2025,Feb,yesterday_20250220.CSV,http://jtimmer.digitalspacemail17.net/data/2025/Feb/yesterday_20250220.CSV
2025,Feb,yesterday_20250221.CSV,http://jtimmer.digitalspacemail17.net/data/2025/Feb/yesterday_20250221.CSV
2025,Feb,yesterday_20250222.CSV,http://jtimmer.digitalspacemail17.net/data/2025/Feb/yesterday_20250222.CSV
2025,Feb,yesterday_20250223.CSV,http://jtimmer.digitalspacemail17.net/data/2025/Feb/yesterday_20250223.CSV
2025,Feb,yesterday_20250224.CSV,http://jtimmer.digitalspacemail17.net/data/2025/Feb/yesterday_20250224.CSV
2025,Feb,yesterday_20250225.CSV,http://jtimmer.digitalspacemail17.net/data/2025/Feb/yesterday_20250225.CSV
2025,Feb,yesterday_20250226.CSV,http://jtimmer.digitalspacemail17.net/data/2025/Feb/yesterday_20250226.CSV
2025,Feb,yesterday_20250227.CSV,http://jtimmer.digitalspacemail17.net/data/2025/Feb/yesterday_20250227.CSV
2025,Feb,yesterday_20250228.CSV,http://jtimmer.digitalspacemail17.net/data/2025/Feb/yesterday_20250228.CSV
2025,Mar,yesterday_20250301.CSV,http://jtimmer.digitalspacemail17.net/data/2025/Feb/yesterday_20250301.CSV
2025,Mar,yesterday_20250302.CSV,http://jtimmer.digitalspacemail17.net/data/2025/Mar/yesterday_20250302.CSV
2025,Mar,yesterday_20250303.CSV,http://jtimmer.digitalspacemail17.net/data/2025/Mar/yesterday_20250303.CSV
2025,Mar,yesterday_20250304.CSV,http://jtimmer.digitalspacemail17.net/data/2025/Mar/yesterday_20250304.CSV
2025,Mar,yesterday_20250305.CSV,http://jtimmer.digitalspacemail17.net/data/2025/Mar/yesterday_20250305.CSV
2025,Mar,yesterday_20250306.CSV,http://jtimmer.digitalspacemail17.net/data/2025/Mar/yesterday_20250306.CSV
2025,Mar,yesterday_20250307.CSV,http://jtimmer.digitalspacemail17.net/data/2025/Mar/yesterday_20250307.CSV
2025,Mar,yesterday_20250308.CSV,http://jtimmer.digitalspacemail17.net/data/2025/Mar/yesterday_20250308.CSV
2025,Mar,yesterday_20250309.CSV,http://jtimmer.digitalspacemail17.net/data/2025/Mar/yesterday_20250309.CSV
2025,Mar,yesterday_20250310.CSV,http://jtimmer.digitalspacemail17.net/data/2025/Mar/yesterday_20250310.CSV
2025,Mar,yesterday_20250311.CSV,http://jtimmer.digitalspacemail17.net/data/2025/Mar/yesterday_20250311.CSV
2025,Mar,yesterday_20250312.CSV,http://jtimmer.digitalspacemail17.net/data/2025/Mar/yesterday_20250312.CSV
2025,Mar,yesterday_20250313.CSV,http://jtimmer.digitalspacemail17.net/data/2025/Mar/yesterday_20250313.CSV
2025,Mar,yesterday_20250314.CSV,http://jtimmer.digitalspacemail17.net/data/2025/Mar/yesterday_20250314.CSV
2025,Mar,yesterday_20250315.CSV,http://jtimmer.digitalspacemail17.net/data/2025/Mar/yesterday_20250315.CSV
2025,Mar,yesterday_20250316.CSV,http://jtimmer.digitalspacemail17.net/data/2025/Mar/yesterday_20250316.CSV
2025,Mar,yesterday_20250317.CSV,http://jtimmer.digitalspacemail17.net/data/2025/Mar/yesterday_20250317.CSV
2025,Mar,yesterday_20250318.CSV,http://jtimmer.digitalspacemail17.net/data/2025/Mar/yesterday_20250318.CSV
2025,Mar,yesterday_20250319.CSV,http://jtimmer.digitalspacemail17.net/data/2025/Mar/yesterday_20250319.CSV
2025,Mar,yesterday_20250320.CSV,http://jtimmer.digitalspacemail17.net/data/2025/Mar/yesterday_20250320.CSV
2025,Mar,yesterday_20250321.CSV,http://jtimmer.digitalspacemail17.net/data/2025/Mar/yesterday_20250321.CSV
2025,Mar,yesterday_20250322.CSV,http://jtimmer.digitalspacemail17.net/data/2025/Mar/yesterday_20250322.CSV
2025,Mar,yesterday_20250323.CSV,http://jtimmer.digitalspacemail17.net/data/2025/Mar/yesterday_20250323.CSV
2025,Mar,yesterday_20250324.CSV,http://jtimmer.digitalspacemail17.net/data/2025/Mar/yesterday_20250324.CSV
2025,Mar,yesterday_20250325.CSV,http://jtimmer.digitalspacemail17.net/data/2025/Mar/yesterday_20250325.CSV
2025,Mar,yesterday_20250326.CSV,http://jtimmer.digitalspacemail17.net/data/2025/Mar/yesterday_20250326.CSV
2025,Mar,yesterday_20250327.CSV,http://jtimmer.digitalspacemail17.net/data/2025/Mar/yesterday_20250327.CSV
2025,Mar,yesterday_20250328.CSV,http://jtimmer.digitalspacemail17.net/data/2025/Mar/yesterday_20250328.CSV
2025,Mar,yesterday_20250329.CSV,http://jtimmer.digitalspacemail17.net/data/2025/Mar/yesterday_20250329.CSV
2025,Mar,yesterday_20250330.CSV,http://jtimmer.digitalspacemail17.net/data/2025/Mar/yesterday_20250330.CSV
2025,Mar,yesterday_20250331.CSV,http://jtimmer.digitalspacemail17.net/data/2025/Mar/yesterday_20250331.CSV
2025,Apr,yesterday_20250401.CSV,http://jtimmer.digitalspacemail17.net/data/2025/Mar/yesterday_20250401.CSV
2025,Apr,yesterday_20250402.CSV,http://jtimmer.digitalspacemail17.net/data/2025/Apr/yesterday_20250402.CSV
2025,Apr,yesterday_20250403.CSV,http://jtimmer.digitalspacemail17.net/data/2025/Apr/yesterday_20250403.CSV
2025,Apr,yesterday_20250404.CSV,http://jtimmer.digitalspacemail17.net/data/2025/Apr/yesterday_20250404.CSV
2025,Apr,yesterday_20250405.CSV,http://jtimmer.digitalspacemail17.net/data/2025/Apr/yesterday_20250405.CSV
2025,Apr,yesterday_20250406.CSV,http://jtimmer.digitalspacemail17.net/data/2025/Apr/yesterday_20250406.CSV
2025,Apr,yesterday_20250407.CSV,http://jtimmer.digitalspacemail17.net/data/2025/Apr/yesterday_20250407.CSV
2025,Apr,yesterday_20250408.CSV,http://jtimmer.digitalspacemail17.net/data/2025/Apr/yesterday_20250408.CSV
2025,Apr,yesterday_20250409.CSV,http://jtimmer.digitalspacemail17.net/data/2025/Apr/yesterday_20250409.CSV
2025,Apr,yesterday_20250410.CSV,http://jtimmer.digitalspacemail17.net/data/2025/Apr/yesterday_20250410.CSV
2025,Apr,yesterday_20250411.CSV,http://jtimmer.digitalspacemail17.net/data/2025/Apr/yesterday_20250411.CSV
2025,Apr,yesterday_20250412.CSV,http://jtimmer.digitalspacemail17.net/data/2025/Apr/yesterday_20250412.CSV
2025,Apr,yesterday_20250413.CSV,http://jtimmer.digitalspacemail17.net/data/2025/Apr/yesterday_20250413.CSV
2025,Apr,yesterday_20250414.CSV,http://jtimmer.digitalspacemail17.net/data/2025/Apr/yesterday_20250414.CSV
2025,Apr,yesterday_20250415.CSV,http://jtimmer.digitalspacemail17.net/data/2025/Apr/yesterday_20250415.CSV
2025,Apr,yesterday_20250416.CSV,http://jtimmer.digitalspacemail17.net/data/2025/Apr/yesterday_20250416.CSV
2025,Apr,yesterday_20250417.CSV,http://jtimmer.digitalspacemail17.net/data/2025/Apr/yesterday_20250417.CSV
2025,Apr,yesterday_20250418.CSV,http://jtimmer.digitalspacemail17.net/data/2025/Apr/yesterday_20250418.CSV
2025,Apr,yesterday_20250419.CSV,http://jtimmer.digitalspacemail17.net/data/2025/Apr/yesterday_20250419.CSV
2025,Apr,yesterday_20250420.CSV,http://jtimmer.digitalspacemail17.net/data/2025/Apr/yesterday_20250420.CSV
2025,Apr,yesterday_20250421.CSV,http://jtimmer.digitalspacemail17.net/data/2025/Apr/yesterday_20250421.CSV
2025,Apr,yesterday_20250422.CSV,http://jtimmer.digitalspacemail17.net/data/2025/Apr/yesterday_20250422.CSV
2025,Apr,yesterday_20250423.CSV,http://jtimmer.digitalspacemail17.net/data/2025/Apr/yesterday_20250423.CSV
2025,Apr,yesterday_20250424.CSV,http://jtimmer.digitalspacemail17.net/data/2025/Apr/yesterday_20250424.CSV
2025,Apr,yesterday_20250425.CSV,http://jtimmer.digitalspacemail17.net/data/2025/Apr/yesterday_20250425.CSV
2025,Apr,yesterday_20250426.CSV,http://jtimmer.digitalspacemail17.net/data/2025/Apr/yesterday_20250426.CSV
2025,Apr,yesterday_20250427.CSV,http://jtimmer.digitalspacemail17.net/data/2025/Apr/yesterday_20250427.CSV
2025,Apr,yesterday_20250428.CSV,http://jtimmer.digitalspacemail17.net/data/2025/Apr/yesterday_20250428.CSV
2025,Apr,yesterday_20250429.CSV,http://jtimmer.digitalspacemail17.net/data/2025/Apr/yesterday_20250429.CSV
2025,Apr,yesterday_20250430.CSV,http://jtimmer.digitalspacemail17.net/data/2025/Apr/yesterday_20250430.CSV
2025,May,yesterday_20250501.CSV,http://jtimmer.digitalspacemail17.net/data/2025/Apr/yesterday_20250501.CSV
2025,May,yesterday_20250502.CSV,http://jtimmer.digitalspacemail17.net/data/2025/May/yesterday_20250502.CSV
2025,May,yesterday_20250503.CSV,http://jtimmer.digitalspacemail17.net/data/2025/May/yesterday_20250503.CSV
2025,May,yesterday_20250504.CSV,http://jtimmer.digitalspacemail17.net/data/2025/May/yesterday_20250504.CSV
2025,May,yesterday_20250505.CSV,http://jtimmer.digitalspacemail17.net/data/2025/May/yesterday_20250505.CSV
2025,May,yesterday_20250506.CSV,http://jtimmer.digitalspacemail17.net/data/2025/May/yesterday_20250506.CSV
2025,May,yesterday_20250507.CSV,http://jtimmer.digitalspacemail17.net/data/2025/May/yesterday_20250507.CSV
2025,May,yesterday_20250508.CSV,http://jtimmer.digitalspacemail17.net/data/2025/May/yesterday_20250508.CSV
2025,May,yesterday_20250509.CSV,http://jtimmer.digitalspacemail17.net/data/2025/May/yesterday_20250509.CSV
2025,May,yesterday_20250510.CSV,http://jtimmer.digitalspacemail17.net/data/2025/May/yesterday_20250510.CSV
2025,May,yesterday_20250511.CSV,http://jtimmer.digitalspacemail17.net/data/2025/May/yesterday_20250511.CSV
2025,May,yesterday_20250512.CSV,http://jtimmer.digitalspacemail17.net/data/2025/May/yesterday_20250512.CSV
2025,May,yesterday_20250513.CSV,http://jtimmer.digitalspacemail17.net/data/2025/May/yesterday_20250513.CSV
2025,May,yesterday_20250514.CSV,http://jtimmer.digitalspacemail17.net/data/2025/May/yesterday_20250514.CSV
2025,May,yesterday_20250515.CSV,http://jtimmer.digitalspacemail17.net/data/2025/May/yesterday_20250515.CSV
2025,May,yesterday_20250516.CSV,http://jtimmer.digitalspacemail17.net/data/2025/May/yesterday_20250516.CSV
2025,May,yesterday_20250517.CSV,http://jtimmer.digitalspacemail17.net/data/2025/May/yesterday_20250517.CSV
2025,May,yesterday_20250518.CSV,http://jtimmer.digitalspacemail17.net/data/2025/May/yesterday_20250518.CSV
2025,May,yesterday_20250519.CSV,http://jtimmer.digitalspacemail17.net/data/2025/May/yesterday_20250519.CSV
2025,May,yesterday_20250520.CSV,http://jtimmer.digitalspacemail17.net/data/2025/May/yesterday_20250520.CSV
2025,May,yesterday_20250521.CSV,http://jtimmer.digitalspacemail17.net/data/2025/May/yesterday_20250521.CSV
2025,May,yesterday_20250522.CSV,http://jtimmer.digitalspacemail17.net/data/2025/May/yesterday_20250522.CSV
2025,May,yesterday_20250523.CSV,http://jtimmer.digitalspacemail17.net/data/2025/May/yesterday_20250523.CSV
2025,May,yesterday_20250524.CSV,http://jtimmer.digitalspacemail17.net/data/2025/May/yesterday_20250524.CSV
2025,May,yesterday_20250525.CSV,http://jtimmer.digitalspacemail17.net/data/2025/May/yesterday_20250525.CSV
2025,May,yesterday_20250526.CSV,http://jtimmer.digitalspacemail17.net/data/2025/May/yesterday_20250526.CSV
2025,May,yesterday_20250527.CSV,http://jtimmer.digitalspacemail17.net/data/2025/May/yesterday_20250527.CSV
2025,May,yesterday_20250528.CSV,http://jtimmer.digitalspacemail17.net/data/2025/May/yesterday_20250528.CSV
2025,May,yesterday_20250529.CSV,http://jtimmer.digitalspacemail17.net/data/2025/May/yesterday_20250529.CSV
2025,May,yesterday_20250530.CSV,http://jtimmer.digitalspacemail17.net/data/2025/May/yesterday_20250530.CSV
2025,May,yesterday_20250531.CSV,http://jtimmer.digitalspacemail17.net/data/2025/May/yesterday_20250531.CSV
2025,Jun,yesterday_20250601.CSV,http://jtimmer.digitalspacemail17.net/data/2025/May/yesterday_20250601.CSV
2025,Jun,yesterday_20250602.CSV,http://jtimmer.digitalspacemail17.net/data/2025/Jun/yesterday_20250602.CSV
2025,Jun,yesterday_20250603.CSV,http://jtimmer.digitalspacemail17.net/data/2025/Jun/yesterday_20250603.CSV
2025,Jun,yesterday_20250604.CSV,http://jtimmer.digitalspacemail17.net/data/2025/Jun/yesterday_20250604.CSV
2025,Jun,yesterday_20250605.CSV,http://jtimmer.digitalspacemail17.net/data/2025/Jun/yesterday_20250605.CSV
2025,Jun,yesterday_20250606.CSV,http://jtimmer.digitalspacemail17.net/data/2025/Jun/yesterday_20250606.CSV
2025,Jun,yesterday_20250607.CSV,http://jtimmer.digitalspacemail17.net/data/2025/Jun/yesterday_20250607.CSV
2025,Jun,yesterday_20250608.CSV,http://jtimmer.digitalspacemail17.net/data/2025/Jun/yesterday_20250608.CSV
2025,Jun,yesterday_20250609.CSV,http://jtimmer.digitalspacemail17.net/data/2025/Jun/yesterday_20250609.CSV
2025,Jun,yesterday_20250610.CSV,http://jtimmer.digitalspacemail17.net/data/2025/Jun/yesterday_20250610.CSV
2025,Jun,yesterday_20250611.CSV,http://jtimmer.digitalspacemail17.net/data/2025/Jun/yesterday_20250611.CSV
2025,Jun,yesterday_20250612.CSV,http://jtimmer.digitalspacemail17.net/data/2025/Jun/yesterday_20250612.CSV
2025,Jun,yesterday_20250613.CSV,http://jtimmer.digitalspacemail17.net/data/2025/Jun/yesterday_20250613.CSV
2025,Jun,yesterday_20250614.CSV,http://jtimmer.digitalspacemail17.net/data/2025/Jun/yesterday_20250614.CSV
2025,Jun,yesterday_20250615.CSV,http://jtimmer.digitalspacemail17.net/data/2025/Jun/yesterday_20250615.CSV
2025,Jun,yesterday_20250616.CSV,http://jtimmer.digitalspacemail17.net/data/2025/Jun/yesterday_20250616.CSV
2025,Jun,yesterday_20250617.CSV,http://jtimmer.digitalspacemail17.net/data/2025/Jun/yesterday_20250617.CSV
2025,Jun,yesterday_20250618.CSV,http://jtimmer.digitalspacemail17.net/data/2025/Jun/yesterday_20250618.CSV
2025,Jun,yesterday_20250619.CSV,http://jtimmer.digitalspacemail17.net/data/2025/Jun/yesterday_20250619.CSV
2025,Jun,yesterday_20250620.CSV,http://jtimmer.digitalspacemail17.net/data/2025/Jun/yesterday_20250620.CSV
2025,Jun,yesterday_20250621.CSV,http://jtimmer.digitalspacemail17.net/data/2025/Jun/yesterday_20250621.CSV
2025,Jun,yesterday_20250622.CSV,http://jtimmer.digitalspacemail17.net/data/2025/Jun/yesterday_20250622.CSV
2025,Jun,yesterday_20250623.CSV,http://jtimmer.digitalspacemail17.net/data/2025/Jun/yesterday_20250623.CSV
2025,Jun,yesterday_20250624.CSV,http://jtimmer.digitalspacemail17.net/data/2025/Jun/yesterday_20250624.CSV
2025,Jun,yesterday_20250625.CSV,http://jtimmer.digitalspacemail17.net/data/2025/Jun/yesterday_20250625.CSV
2025,Jun,yesterday_20250626.CSV,http://jtimmer.digitalspacemail17.net/data/2025/Jun/yesterday_20250626.CSV
2025,Jun,yesterday_20250627.CSV,http://jtimmer.digitalspacemail17.net/data/2025/Jun/yesterday_20250627.CSV
2025,Jun,yesterday_20250628.CSV,http://jtimmer.digitalspacemail17.net/data/2025/Jun/yesterday_20250628.CSV
2025,Jun,yesterday_20250629.CSV,http://jtimmer.digitalspacemail17.net/data/2025/Jun/yesterday_20250629.CSV
2025,Jun,yesterday_20250630.CSV,http://jtimmer.digitalspacemail17.net/data/2025/Jun/yesterday_20250630.CSV
2025,Jul,yesterday_20250701.CSV,http://jtimmer.digitalspacemail17.net/data/2025/Jun/yesterday_20250701.CSV
2025,Jul,yesterday_20250702.CSV,http://jtimmer.digitalspacemail17.net/data/2025/Jul/yesterday_20250702.CSV
2025,Jul,yesterday_20250703.CSV,http://jtimmer.digitalspacemail17.net/data/2025/Jul/yesterday_20250703.CSV
2025,Jul,yesterday_20250704.CSV,http://jtimmer.digitalspacemail17.net/data/2025/Jul/yesterday_20250704.CSV
2025,Jul,yesterday_20250705.CSV,http://jtimmer.digitalspacemail17.net/data/2025/Jul/yesterday_20250705.CSV
2025,Jul,yesterday_20250706.CSV,http://jtimmer.digitalspacemail17.net/data/2025/Jul/yesterday_20250706.CSV
2025,Jul,yesterday_20250707.CSV,http://jtimmer.digitalspacemail17.net/data/2025/Jul/yesterday_20250707.CSV
2025,Jul,yesterday_20250708.CSV,http://jtimmer.digitalspacemail17.net/data/2025/Jul/yesterday_20250708.CSV
2025,Jul,yesterday_20250709.CSV,http://jtimmer.digitalspacemail17.net/data/2025/Jul/yesterday_20250709.CSV
2025,Jul,yesterday_20250710.CSV,http://jtimmer.digitalspacemail17.net/data/2025/Jul/yesterday_20250710.CSV
2025,Jul,yesterday_20250711.CSV,http://jtimmer.digitalspacemail17.net/data/2025/Jul/yesterday_20250711.CSV
2025,Jul,yesterday_20250712.CSV,http://jtimmer.digitalspacemail17.net/data/2025/Jul/yesterday_20250712.CSV
2025,Jul,yesterday_20250713.CSV,http://jtimmer.digitalspacemail17.net/data/2025/Jul/yesterday_20250713.CSV
2025,Jul,yesterday_20250714.CSV,http://jtimmer.digitalspacemail17.net/data/2025/Jul/yesterday_20250714.CSV
2025,Jul,yesterday_20250715.CSV,http://jtimmer.digitalspacemail17.net/data/2025/Jul/yesterday_20250715.CSV
2025,Jul,yesterday_20250716.CSV,http://jtimmer.digitalspacemail17.net/data/2025/Jul/yesterday_20250716.CSV
2025,Jul,yesterday_20250717.CSV,http://jtimmer.digitalspacemail17.net/data/2025/Jul/yesterday_20250717.CSV
2025,Jul,yesterday_20250718.CSV,http://jtimmer.digitalspacemail17.net/data/2025/Jul/yesterday_20250718.CSV
2025,Jul,yesterday_20250719.CSV,http://jtimmer.digitalspacemail17.net/data/2025/Jul/yesterday_20250719.CSV
2025,Jul,yesterday_20250720.CSV,http://jtimmer.digitalspacemail17.net/data/2025/Jul/yesterday_20250720.CSV
2025,Jul,yesterday_20250721.CSV,http://jtimmer.digitalspacemail17.net/data/2025/Jul/yesterday_20250721.CSV
2025,Jul,yesterday_20250722.CSV,http://jtimmer.digitalspacemail17.net/data/2025/Jul/yesterday_20250722.CSV
2025,Jul,yesterday_20250723.CSV,http://jtimmer.digitalspacemail17.net/data/2025/Jul/yesterday_20250723.CSV
2025,Jul,yesterday_20250724.CSV,http://jtimmer.digitalspacemail17.net/data/2025/Jul/yesterday_20250724.CSV
2025,Jul,yesterday_20250725.CSV,http://jtimmer.digitalspacemail17.net/data/2025/Jul/yesterday_20250725.CSV
2025,Jul,yesterday_20250726.CSV,http://jtimmer.digitalspacemail17.net/data/2025/Jul/yesterday_20250726.CSV
2025,Jul,yesterday_20250727.CSV,http://jtimmer.digitalspacemail17.net/data/2025/Jul/yesterday_20250727.CSV
2025,Jul,yesterday_20250728.CSV,http://jtimmer.digitalspacemail17.net/data/2025/Jul/yesterday_20250728.CSV
2025,Jul,yesterday_20250729.CSV,http://jtimmer.digitalspacemail17.net/data/2025/Jul/yesterday_20250729.CSV
2025,Jul,yesterday_20250730.CSV,http://jtimmer.digitalspacemail17.net/data/2025/Jul/yesterday_20250730.CSV
2025,Jul,yesterday_20250731.CSV,http://jtimmer.digitalspacemail17.net/data/2025/Jul/yesterday_20250731.CSV
2025,Aug,yesterday_20250801.CSV,http://jtimmer.digitalspacemail17.net/data/2025/Jul/yesterday_20250801.CSV
2025,Aug,yesterday_20250802.CSV,http://jtimmer.digitalspacemail17.net/data/yesterday_20250802.CSV
2025,Aug,yesterday_20250803.CSV,http://jtimmer.digitalspacemail17.net/data/yesterday_20250803.CSV
2025,Aug,yesterday_20250804.CSV,http://jtimmer.digitalspacemail17.net/data/yesterday_20250804.CSV
2025,Aug,yesterday_20250805.CSV,http://jtimmer.digitalspacemail17.net/data/yesterday_20250805.CSV
2025,Aug,yesterday_20250806.CSV,http://jtimmer.digitalspacemail17.net/data/yesterday_20250806.CSV
2025,Aug,yesterday_20250807.CSV,http://jtimmer.digitalspacemail17.net/data/yesterday_20250807.CSV
2025,Aug,yesterday_20250808.CSV,http://jtimmer.digitalspacemail17.net/data/yesterday_20250808.CSV
2025,Aug,yesterday_20250809.CSV,http://jtimmer.digitalspacemail17.net/data/yesterday_20250809.CSV
2025,Aug,yesterday_20250810.CSV,http://jtimmer.digitalspacemail17.net/data/yesterday_20250810.CSV
2025,Aug,yesterday_20250811.CSV,http://jtimmer.digitalspacemail17.net/data/yesterday_20250811.CSV
2025,Aug,yesterday_20250812.CSV,http://jtimmer.digitalspacemail17.net/data/yesterday_20250812.CSV
2025,Aug,yesterday_20250813.CSV,http://jtimmer.digitalspacemail17.net/data/yesterday_20250813.CSV
2025,Aug,yesterday_20250814.CSV,http://jtimmer.digitalspacemail17.net/data/yesterday_20250814.CSV
2025,Aug,yesterday_20250815.CSV,http://jtimmer.digitalspacemail17.net/data/yesterday_20250815.CSV
2025,Aug,yesterday_20250816.CSV,http://jtimmer.digitalspacemail17.net/data/yesterday_20250816.CSV
2025,Aug,yesterday_20250817.CSV,http://jtimmer.digitalspacemail17.net/data/yesterday_20250817.CSV
2025,Aug,yesterday_20250818.CSV,http://jtimmer.digitalspacemail17.net/data/yesterday_20250818.CSV
2025,Aug,yesterday_20250819.CSV,http://jtimmer.digitalspacemail17.net/data/yesterday_20250819.CSV
2025,Aug,yesterday_20250820.CSV,http://jtimmer.digitalspacemail17.net/data/yesterday_20250820.CSV
2025,Aug,yesterday_20250821.CSV,http://jtimmer.digitalspacemail17.net/data/yesterday_20250821.CSV
2025,Aug,yesterday_20250822.CSV,http://jtimmer.digitalspacemail17.net/data/yesterday_20250822.CSV
2025,Aug,yesterday_20250823.CSV,http://jtimmer.digitalspacemail17.net/data/yesterday_20250823.CSV
2025,Aug,yesterday_20250824.CSV,http://jtimmer.digitalspacemail17.net/data/yesterday_20250824.CSV
2025,Aug,yesterday_20250825.CSV,http://jtimmer.digitalspacemail17.net/data/yesterday_20250825.CSV
2025,Aug,yesterday_20250826.CSV,http://jtimmer.digitalspacemail17.net/data/yesterday_20250826.CSV
2025,Aug,yesterday_20250827.CSV,http://jtimmer.digitalspacemail17.net/data/yesterday_20250827.CSV
2025,Aug,yesterday_20250828.CSV,http://jtimmer.digitalspacemail17.net/data/yesterday_20250828.CSV
2025,Aug,yesterday_20250829.CSV,http://jtimmer.digitalspacemail17.net/data/yesterday_20250829.CSV
2025,Aug,yesterday_20250830.CSV,http://jtimmer.digitalspacemail17.net/data/yesterday_20250830.CSV
2025,Aug,yesterday_20250831.CSV,http://jtimmer.digitalspacemail17.net/data/yesterday_20250831.CSV
2025,Sep,yesterday_20250901.CSV,http://jtimmer.digitalspacemail17.net/data/yesterday_20250901.CSV
2025,Sep,yesterday_20250902.CSV,http://jtimmer.digitalspacemail17.net/data/yesterday_20250902.CSV
2025,Sep,yesterday_20250903.CSV,http://jtimmer.digitalspacemail17.net/data/yesterday_20250903.CSV
2025,Sep,yesterday_20250904.CSV,http://jtimmer.digitalspacemail17.net/data/yesterday_20250904.CSV
2025,Sep,yesterday_20250905.CSV,http://jtimmer.digitalspacemail17.net/data/yesterday_20250905.CSV
2025,Sep,yesterday_20250906.CSV,http://jtimmer.digitalspacemail17.net/data/yesterday_20250906.CSV
2025,Sep,yesterday_20250907.CSV,http://jtimmer.digitalspacemail17.net/data/yesterday_20250907.CSV
2025,Sep,yesterday_20250908.CSV,http://jtimmer.digitalspacemail17.net/data/yesterday_20250908.CSV
2025,Sep,yesterday_20250909.CSV,http://jtimmer.digitalspacemail17.net/data/yesterday_20250909.CSV
2025,Sep,yesterday_20250910.CSV,http://jtimmer.digitalspacemail17.net/data/yesterday_20250910.CSV
2025,Sep,yesterday_20250911.CSV,http://jtimmer.digitalspacemail17.net/data/yesterday_20250911.CSV
2025,Sep,yesterday_20250912.CSV,http://jtimmer.digitalspacemail17.net/data/yesterday_20250912.CSV
2025,Sep,yesterday_20250913.CSV,http://jtimmer.digitalspacemail17.net/data/yesterday_20250913.CSV
2025,Sep,yesterday_20250914.CSV,http://jtimmer.digitalspacemail17.net/data/yesterday_20250914.CSV
2025,Sep,yesterday_20250915.CSV,http://jtimmer.digitalspacemail17.net/data/yesterday_20250915.CSV
2025,Sep,yesterday_20250916.CSV,http://jtimmer.digitalspacemail17.net/data/yesterday_20250916.CSV
2025,Sep,yesterday_20250917.CSV,http://jtimmer.digitalspacemail17.net/data/yesterday_20250917.CSV
2025,Sep,yesterday_20250918.CSV,http://jtimmer.digitalspacemail17.net/data/yesterday_20250918.CSV
2025,Sep,yesterday_20250919.CSV,http://jtimmer.digitalspacemail17.net/data/yesterday_20250919.CSV
2025,Sep,yesterday_20250920.CSV,http://jtimmer.digitalspacemail17.net/data/yesterday_20250920.CSV
2025,Sep,yesterday_20250921.CSV,http://jtimmer.digitalspacemail17.net/data/yesterday_20250921.CSV
2025,Sep,yesterday_20250922.CSV,http://jtimmer.digitalspacemail17.net/data/yesterday_20250922.CSV
2025,Sep,yesterday_20250923.CSV,http://jtimmer.digitalspacemail17.net/data/yesterday_20250923.CSV
2025,Sep,yesterday_20250924.CSV,http://jtimmer.digitalspacemail17.net/data/yesterday_20250924.CSV
2025,Sep,yesterday_20250925.CSV,http://jtimmer.digitalspacemail17.net/data/yesterday_20250925.CSV
2025,Sep,yesterday_20250926.CSV,http://jtimmer.digitalspacemail17.net/data/yesterday_20250926.CSV
2025,Sep,yesterday_20250927.CSV,http://jtimmer.digitalspacemail17.net/data/yesterday_20250927.CSV
2025,Sep,yesterday_20250928.CSV,http://jtimmer.digitalspacemail17.net/data/yesterday_20250928.CSV
2025,Sep,yesterday_20250929.CSV,http://jtimmer.digitalspacemail17.net/data/yesterday_20250929.CSV
2025,Sep,yesterday_20250930.CSV,http://jtimmer.digitalspacemail17.net/data/yesterday_20250930.CSV
2025,Oct,yesterday_20251001.CSV,http://jtimmer.digitalspacemail17.net/data/yesterday_20251001.CSV
2025,Oct,yesterday_20251002.CSV,http://jtimmer.digitalspacemail17.net/data/yesterday_20251002.CSV
2025,Oct,yesterday_20251003.CSV,http://jtimmer.digitalspacemail17.net/data/yesterday_20251003.CSV
2025,Oct,yesterday_20251004.CSV,http://jtimmer.digitalspacemail17.net/data/yesterday_20251004.CSV
2025,Oct,yesterday_20251005.CSV,http://jtimmer.digitalspacemail17.net/data/yesterday_20251005.CSV
2025,Oct,yesterday_20251006.CSV,http://jtimmer.digitalspacemail17.net/data/yesterday_20251006.CSV
2025,Oct,yesterday_20251007.CSV,http://jtimmer.digitalspacemail17.net/data/yesterday_20251007.CSV
2025,Oct,yesterday_20251008.CSV,http://jtimmer.digitalspacemail17.net/data/yesterday_20251008.CSV
2025,Oct,yesterday_20251009.CSV,http://jtimmer.digitalspacemail17.net/data/yesterday_20251009.CSV
2025,Oct,yesterday_20251010.CSV,http://jtimmer.digitalspacemail17.net/data/yesterday_20251010.CSV
2025,Oct,yesterday_20251011.CSV,http://jtimmer.digitalspacemail17.net/data/yesterday_20251011.CSV
2025,Oct,yesterday_20251012.CSV,http://jtimmer.digitalspacemail17.net/data/yesterday_20251012.CSV
2025,Oct,yesterday_20251013.CSV,http://jtimmer.digitalspacemail17.net/data/yesterday_20251013.CSV
2025,Oct,yesterday_20251014.CSV,http://jtimmer.digitalspacemail17.net/data/yesterday_20251014.CSV
2025,Oct,yesterday_20251015.CSV,http://jtimmer.digitalspacemail17.net/data/yesterday_20251015.CSV
2025,Oct,yesterday_20251016.CSV,http://jtimmer.digitalspacemail17.net/data/yesterday_20251016.CSV
2025,Oct,yesterday_20251017.CSV,http://jtimmer.digitalspacemail17.net/data/yesterday_20251017.CSV
2025,Oct,yesterday_20251018.CSV,http://jtimmer.digitalspacemail17.net/data/yesterday_20251018.CSV
2025,Oct,yesterday_20251019.CSV,http://jtimmer.digitalspacemail17.net/data/yesterday_20251019.CSV
2025,Oct,yesterday_20251020.CSV,http://jtimmer.digitalspacemail17.net/data/yesterday_20251020.CSV
2025,Oct,yesterday_20251021.CSV,http://jtimmer.digitalspacemail17.net/data/yesterday_20251021.CSV
2025,Oct,yesterday_20251022.CSV,http://jtimmer.digitalspacemail17.net/data/yesterday_20251022.CSV
2025,Oct,yesterday_20251023.CSV,http://jtimmer.digitalspacemail17.net/data/yesterday_20251023.CSV
2025,Oct,yesterday_20251024.CSV,http://jtimmer.digitalspacemail17.net/data/yesterday_20251024.CSV
2025,Oct,yesterday_20251025.CSV,http://jtimmer.digitalspacemail17.net/data/yesterday_20251025.CSV
2025,Oct,yesterday_20251026.CSV,http://jtimmer.digitalspacemail17.net/data/yesterday_20251026.CSV
2025,Oct,yesterday_20251027.CSV,http://jtimmer.digitalspacemail17.net/data/yesterday_20251027.CSV
2025,Oct,yesterday_20251028.CSV,http://jtimmer.digitalspacemail17.net/data/yesterday_20251028.CSV
2025,Oct,yesterday_20251029.CSV,http://jtimmer.digitalspacemail17.net/data/yesterday_20251029.CSV
2025,Oct,yesterday_20251030.CSV,http://jtimmer.digitalspacemail17.net/data/yesterday_20251030.CSV
2025,Oct,yesterday_20251031.CSV,http://jtimmer.digitalspacemail17.net/data/yesterday_20251031.CSV
2025,Nov,yesterday_20251101.CSV,http://jtimmer.digitalspacemail17.net/data/yesterday_20251101.CSV
2025,Nov,yesterday_20251102.CSV,http://jtimmer.digitalspacemail17.net/data/yesterday_20251102.CSV
2025,Nov,yesterday_20251103.CSV,http://jtimmer.digitalspacemail17.net/data/yesterday_20251103.CSV
2025,Nov,yesterday_20251104.CSV,http://jtimmer.digitalspacemail17.net/data/yesterday_20251104.CSV
2025,Nov,yesterday_20251105.CSV,http://jtimmer.digitalspacemail17.net/data/yesterday_20251105.CSV
2025,Nov,yesterday_20251106.CSV,http://jtimmer.digitalspacemail17.net/data/yesterday_20251106.CSV
2025,Nov,yesterday_20251107.CSV,http://jtimmer.digitalspacemail17.net/data/yesterday_20251107.CSV
2025,Nov,yesterday_20251108.CSV,http://jtimmer.digitalspacemail17.net/data/yesterday_20251108.CSV
2025,Nov,yesterday_20251109.CSV,http://jtimmer.digitalspacemail17.net/data/yesterday_20251109.CSV
2025,Nov,yesterday_20251110.CSV,http://jtimmer.digitalspacemail17.net/data/yesterday_20251110.CSV
2025,Nov,yesterday_20251111.CSV,http://jtimmer.digitalspacemail17.net/data/yesterday_20251111.CSV
2025,Nov,yesterday_20251112.CSV,http://jtimmer.digitalspacemail17.net/data/yesterday_20251112.CSV
2025,Nov,yesterday_20251113.CSV,http://jtimmer.digitalspacemail17.net/data/yesterday_20251113.CSV
2025,Nov,yesterday_20251114.CSV,http://jtimmer.digitalspacemail17.net/data/yesterday_20251114.CSV
2025,Nov,yesterday_20251115.CSV,http://jtimmer.digitalspacemail17.net/data/yesterday_20251115.CSV
2025,Nov,yesterday_20251116.CSV,http://jtimmer.digitalspacemail17.net/data/yesterday_20251116.CSV
2025,Nov,yesterday_20251117.CSV,http://jtimmer.digitalspacemail17.net/data/yesterday_20251117.CSV
2025,Nov,yesterday_20251118.CSV,http://jtimmer.digitalspacemail17.net/data/yesterday_20251118.CSV
2025,Nov,yesterday_20251119.CSV,http://jtimmer.digitalspacemail17.net/data/yesterday_20251119.CSV
2025,Nov,yesterday_20251120.CSV,http://jtimmer.digitalspacemail17.net/data/yesterday_20251120.CSV
2025,Nov,yesterday_20251121.CSV,http://jtimmer.digitalspacemail17.net/data/yesterday_20251121.CSV
2025,Nov,yesterday_20251122.CSV,http://jtimmer.digitalspacemail17.net/data/yesterday_20251122.CSV
2025,Nov,yesterday_20251123.CSV,http://jtimmer.digitalspacemail17.net/data/yesterday_20251123.CSV
2025,Nov,yesterday_20251124.CSV,http://jtimmer.digitalspacemail17.net/data/yesterday_20251124.CSV
